0xf0,0x03,0x00,0x00,0x00,0x00,0x00,0x00,0x89,0x02,0x00,0x00,0x00,0x00,0x00,0x00,
0xc0,0x03,0x1e,0xf0,0x80,0x07,0x3c,0xe0,0x01,0x0f,0x78,0xc0,0x03,0x1e,0xf0,0x80,
0x07,0x3c,0xe0,0x01,0x0f,0x78,0xc0,0x03,0x1e,0xf0,0x80,0x07,0x3c,0xe0,0x01,0x0f,
0x78,0xc0,0x03,0x1e,0xf0,0x80,0x07,0x3c,0xe0,0x01,0x0f,0x78,0xc0,0x03,0x1e,0xf0,
0x80,0x07,0x3c,0xe0,0x01,0x0f,0x78,0xc0,0x03,0x1e,0xf0,0x80,0x07,0x3c,0xe0,0x01,
0x0f,0x78,0xc0,0x03,0x1e,0xf0,0x80,0x07,0x3c,0xe0,0x01,0x0f,0x78,0xc0,0x03,0x1e,
0xf0,0x00,0x00,0x00,0x00,0x00,0x00,0x00,0x00,0x00,0x00,0x00,0x00,0x00,0x00,0x00,
0xa0,0x05,0x2d,0x68,0x41,0x0b,0x5a,0xd0,0x82,0x16,0xb4,0xa0,0x05,0x2d,0x68,0x41,
0x0b,0x5a,0xd0,0x82,0x16,0xb4,0xa0,0x05,0x2d,0x68,0x41,0x0b,0x5a,0xd0,0x82,0x16,
0xb4,0xa0,0x05,0x2d,0x68,0x41,0x0b,0x5a,0xd0,0x82,0x16,0xb4,0xa0,0x05,0x2d,0x68,
0x41,0x0b,0x5a,0xd0,0x82,0x16,0xb4,0xa0,0x05,0x2d,0x68,0x41,0x0b,0x5a,0xd0,0x82,
0x16,0xb4,0xa0,0x05,0x2d,0x68,0x41,0x0b,0x5a,0xd0,0x82,0x16,0xb4,0xa0,0x05,0x2d,
0x68,0x01,0x00,0x00,0x00,0x00,0x00,0x00,0x00,0x00,0x00,0x00,0x00,0x00,0x00,0x00,
0x90,0x86,0x34,0xa4,0x21,0x0d,0x69,0x48,0x43,0x1a,0xd2,0x90,0x86,0x34,0xa4,0x21,
0x0d,0x69,0x48,0x43,0x1a,0xd2,0x90,0x86,0x34,0xa4,0x21,0x0d,0x69,0x48,0x43,0x1a,
0xd2,0x90,0x86,0x34,0xa4,0x21,0x0d,0x69,0x48,0x43,0x1a,0xd2,0x90,0x86,0x34,0xa4,
0x21,0x0d,0x69,0x48,0x43,0x1a,0xd2,0x90,0x86,0x34,0xa4,0x21,0x0d,0x69,0x48,0x43,
0x1a,0xd2,0x90,0x86,0x34,0xa4,0x21,0x0d,0x69,0x48,0x43,0x1a,0xd2,0x90,0x86,0x34,
0xa4,0x01,0x00,0x00,0x00,0x00,0x00,0x00,0x00,0x00,0x00,0x00,0x00,0x00,0x00,0x00,
0x0c,0x63,0x18,0xc3,0x18,0xc6,0x30,0x86,0x31,0x8c,0x61,0x0c,0x63,0x18,0xc3,0x18,
0xc6,0x30,0x86,0x31,0x8c,0x61,0x0c,0x63,0x18,0xc3,0x18,0xc6,0x30,0x86,0x31,0x8c,
0x61,0x0c,0x63,0x18,0xc3,0x18,0xc6,0x30,0x86,0x31,0x8c,0x61,0x0c,0x63,0x18,0xc3,
0x18,0xc6,0x30,0x86,0x31,0x8c,0x61,0x0c,0x63,0x18,0xc3,0x18,0xc6,0x30,0x86,0x31,
0x8c,0x61,0x0c,0x63,0x18,0xc3,0x18,0xc6,0x30,0x86,0x31,0x8c,0x61,0x0c,0x63,0x18,
0xc3,0x00,0x00,0x00,0x00,0x00,0x00,0x00,0x00,0x00,0x00,0x00,0x00,0x00,0x00,0x00,
0x0a,0x55,0xa8,0x42,0x15,0xaa,0x50,0x85,0x2a,0x54,0xa1,0x0a,0x55,0xa8,0x42,0x15,
0xaa,0x50,0x85,0x2a,0x54,0xa1,0x0a,0x55,0xa8,0x42,0x15,0xaa,0x50,0x85,0x2a,0x54,
0xa1,0x0a,0x55,0xa8,0x42,0x15,0xaa,0x50,0x85,0x2a,0x54,0xa1,0x0a,0x55,0xa8,0x42,
0x15,0xaa,0x50,0x85,0x2a,0x54,0xa1,0x0a,0x55,0xa8,0x42,0x15,0xaa,0x50,0x85,0x2a,
0x54,0xa1,0x0a,0x55,0xa8,0x42,0x15,0xaa,0x50,0x85,0x2a,0x54,0xa1,0x0a,0x55,0xa8,
0x42,0x01,0x00,0x00,0x00,0x00,0x00,0x00,0x00,0x00,0x00,0x00,0x00,0x00,0x00,0x00,
0x09,0x4e,0x70,0x82,0x13,0x9c,0xe0,0x04,0x27,0x38,0xc1,0x09,0x4e,0x70,0x82,0x13,
0x9c,0xe0,0x04,0x27,0x38,0xc1,0x09,0x4e,0x70,0x82,0x13,0x9c,0xe0,0x04,0x27,0x38,
0xc1,0x09,0x4e,0x70,0x82,0x13,0x9c,0xe0,0x04,0x27,0x38,0xc1,0x09,0x4e,0x70,0x82,
0x13,0x9c,0xe0,0x04,0x27,0x38,0xc1,0x09,0x4e,0x70,0x82,0x13,0x9c,0xe0,0x04,0x27,
0x38,0xc1,0x09,0x4e,0x70,0x82,0x13,0x9c,0xe0,0x04,0x27,0x38,0xc1,0x09,0x4e,0x70,
0x82,0x01,0x00,0x00,0x00,0x00,0x00,0x00,0x00,0x00,0x00,0x00,0x00,0x00,0x00,0x00,
0x00,0x00,0x2d,0xa4,0x19,0xa6,0xd0,0x04,0x9b,0x61,0x06,0xf3,0x9b,0xf2,0x30,0x9e,
0x57,0x6c,0x66,0xa8,0x22,0x13,0x6a,0xcb,0xa9,0x7e,0x6b,0x0c,0x0f,0x1e,0x58,0xe2,
0x01,0x65,0xe3,0xb2,0xe9,0x26,0x3b,0xd6,0xaf,0x26,0xd7,0xb8,0xa3,0xfe,0x47,0xd6,
0x94,0x9d,0x3a,0x7b,0xff,0x2c,0xdf,0x5a,0x28,0x05,0xff,0x6c,0xfa,0xe9,0x34,0x58,
0xed,0xb5,0xf5,0x85,0x2a,0xab,0x35,0x57,0x50,0xb6,0xea,0xb8,0x72,0x60,0x86,0x19,
0x67,0x01,0x00,0x00,0x00,0x00,0x00,0x00,0x00,0x00,0x00,0x00,0x00,0x00,0x00,0x00,
0x00,0x80,0x34,0xc3,0x14,0x9a,0x60,0x33,0xcc,0x60,0x7e,0x53,0x1e,0xc6,0xf3,0x8a,
0xcd,0x0c,0x55,0x64,0x42,0x6d,0x39,0xd5,0x6f,0x8d,0xe1,0xc1,0x03,0x4b,0x3c,0xa0,
0x6c,0x5c,0x36,0xdd,0x64,0xc7,0xfa,0xd5,0xe4,0x1a,0x77,0xd4,0xff,0xc8,0x9a,0xb2,
0x53,0x67,0xef,0x9f,0xe5,0x5b,0x0b,0xa5,0xe0,0x9f,0x4d,0x3f,0x9d,0x06,0xab,0xbd,
0xb6,0xbe,0x50,0x65,0xb5,0xe6,0x0a,0xca,0x56,0x1d,0x57,0x0e,0xcc,0x30,0xe3,0xac,
0x81,0x01,0x00,0x00,0x00,0x00,0x00,0x00,0x00,0x00,0x00,0x00,0x00,0x00,0x00,0x00,
0x00,0x60,0x98,0x42,0x13,0x6c,0x86,0x19,0xcc,0x6f,0xca,0xc3,0x78,0x5e,0xb1,0x99,
0xa1,0x8a,0x4c,0xa8,0x2d,0xa7,0xfa,0xad,0x31,0x3c,0x78,0x60,0x89,0x07,0x94,0x8d,
0xcb,0xa6,0x9b,0xec,0x58,0xbf,0x9a,0x5c,0xe3,0x8e,0xfa,0x1f,0x59,0x53,0x76,0xea,
0xec,0xfd,0xb3,0x7c,0x6b,0xa1,0x14,0xfc,0xb3,0xe9,0xa7,0xd3,0x60,0xb5,0xd7,0xd6,
0x17,0xaa,0xac,0xd6,0x5c,0x41,0xd9,0xaa,0xe3,0xca,0x81,0x19,0x66,0x9c,0x35,0xf0,
0xc0,0x00,0x00,0x00,0x00,0x00,0x00,0x00,0x00,0x00,0x00,0x00,0x00,0x00,0x00,0x00,
0x00,0x50,0x68,0x82,0xcd,0x30,0x83,0xf9,0x4d,0x79,0x18,0xcf,0x2b,0x36,0x33,0x54,
0x91,0x09,0xb5,0xe5,0x54,0xbf,0x35,0x86,0x07,0x0f,0x2c,0xf1,0x80,0xb2,0x71,0xd9,
0x74,0x93,0x1d,0xeb,0x57,0x93,0x6b,0xdc,0x51,0xff,0x23,0x6b,0xca,0x4e,0x9d,0xbd,
0x7f,0x96,0x6f,0x2d,0x94,0x82,0x7f,0x36,0xfd,0x74,0x1a,0xac,0xf6,0xda,0xfa,0x42,
0x95,0xd5,0x9a,0x2b,0x28,0x5b,0x75,0x5c,0x39,0x30,0xc3,0x8c,0xb3,0x06,0x1e,0xd8,
0x9b,0x01,0x00,0x00,0x00,0x00,0x00,0x00,0x00,0x00,0x00,0x00,0x00,0x00,0x00,0x00,
0x00,0x48,0xb0,0x19,0x66,0x30,0xbf,0x29,0x0f,0xe3,0x79,0xc5,0x66,0x86,0x2a,0x32,
0xa1,0xb6,0x9c,0xea,0xb7,0xc6,0xf0,0xe0,0x81,0x25,0x1e,0x50,0x36,0x2e,0x9b,0x6e,
0xb2,0x63,0xfd,0x6a,0x72,0x8d,0x3b,0xea,0x7f,0x64,0x4d,0xd9,0xa9,0xb3,0xf7,0xcf,
0xf2,0xad,0x85,0x52,0xf0,0xcf,0xa6,0x9f,0x4e,0x83,0xd5,0x5e,0x5b,0x5f,0xa8,0xb2,
0x5a,0x73,0x05,0x65,0xab,0x8e,0x2b,0x07,0x66,0x98,0x71,0xd6,0xc0,0x03,0x7b,0x73,
0x15,0x00,0x00,0x00,0x00,0x00,0x00,0x00,0x00,0x00,0x00,0x00,0x00,0x00,0x00,0x00,
0x00,0x30,0xc3,0x0c,0xe6,0x37,0xe5,0x61,0x3c,0xaf,0xd8,0xcc,0x50,0x45,0x26,0xd4,
0x96,0x53,0xfd,0xd6,0x18,0x1e,0x3c,0xb0,0xc4,0x03,0xca,0xc6,0x65,0xd3,0x4d,0x76,
0xac,0x5f,0x4d,0xae,0x71,0x47,0xfd,0x8f,0xac,0x29,0x3b,0x75,0xf6,0xfe,0x59,0xbe,
0xb5,0x50,0x0a,0xfe,0xd9,0xf4,0xd3,0x69,0xb0,0xda,0x6b,0xeb,0x0b,0x55,0x56,0x6b,
0xae,0xa0,0x6c,0xd5,0x71,0xe5,0xc0,0x0c,0x33,0xce,0x1a,0x78,0x60,0x6f,0xae,0x02,
0xf0,0x00,0x00,0x00,0x00,0x00,0x00,0x00,0x00,0x00,0x00,0x00,0x00,0x00,0x00,0x00,
0x00,0x80,0xb4,0x42,0xcd,0x30,0xbf,0x61,0x14,0x5b,0x15,0x6a,0xd3,0x2f,0x3c,0x2c,
0x51,0x36,0xd3,0x8d,0x35,0xb9,0xa3,0xce,0x5a,0xea,0x7e,0xa6,0x05,0xfe,0x7d,0xda,
0x6a,0xf5,0x65,0x75,0x41,0x75,0x0c,0x66,0xce,0x0e,0xac,0x0a,0xa0,0x65,0x58,0x82,
0x67,0x30,0xe5,0xe7,0x31,0x23,0x13,0x39,0xad,0x31,0x0f,0x1e,0xc0,0xe5,0xc9,0x7e,
0xd5,0xb8,0xff,0x50,0xb6,0xbd,0xf3,0x5d,0x0a,0x9b,0xa6,0xe1,0xb5,0x50,0xd5,0x1c,
0x5b,0x01,0x00,0x00,0x00,0x00,0x00,0x00,0x00,0x00,0x00,0x00,0x00,0x00,0x00,0x00,
0x00,0x60,0x58,0x82,0x67,0x30,0xe5,0xe7,0x31,0x23,0x13,0x39,0xad,0x31,0x0f,0x1e,
0xc0,0xe5,0xc9,0x7e,0xd5,0xb8,0xff,0x50,0xb6,0xbd,0xf3,0x5d,0x0a,0x9b,0xa6,0xe1,
0xb5,0x50,0xd5,0x1c,0x5b,0x2b,0x07,0x33,0x03,0xbf,0x19,0x78,0x90,0x56,0xa8,0x19,
0xe6,0x37,0x8c,0x62,0xab,0x42,0x6d,0xfa,0x85,0x87,0x25,0xca,0x66,0xba,0xb1,0x26,
0x77,0xd4,0x59,0x4b,0xdd,0xcf,0xb4,0xc0,0xbf,0x4f,0x5b,0xad,0xbe,0xac,0x2e,0xa8,
0x8e,0x01,0x00,0x00,0x00,0x00,0x00,0x00,0x00,0x00,0x00,0x00,0x00,0x00,0x00,0x00,
0x00,0x50,0xa8,0x19,0xe6,0x37,0x8c,0x62,0xab,0x42,0x6d,0xfa,0x85,0x87,0x25,0xca,
0x66,0xba,0xb1,0x26,0x77,0xd4,0x59,0x4b,0xdd,0xcf,0xb4,0xc0,0xbf,0x4f,0x5b,0xad,
0xbe,0xac,0x2e,0xa8,0x8e,0xc1,0xcc,0xd9,0x81,0x55,0x01,0xb4,0x0c,0x4b,0xf0,0x0c,
0xa6,0xfc,0x3c,0x66,0x64,0x22,0xa7,0x35,0xe6,0xc1,0x03,0xb8,0x3c,0xd9,0xaf,0x1a,
0xf7,0x1f,0xca,0xb6,0x77,0xbe,0x4b,0x61,0xd3,0x34,0xbc,0x16,0xaa,0x9a,0x63,0x6b,
0xe5,0x00,0x00,0x00,0x00,0x00,0x00,0x00,0x00,0x00,0x00,0x00,0x00,0x00,0x00,0x00,
0x00,0x48,0xf0,0x0c,0xa6,0xfc,0x3c,0x66,0x64,0x22,0xa7,0x35,0xe6,0xc1,0x03,0xb8,
0x3c,0xd9,0xaf,0x1a,0xf7,0x1f,0xca,0xb6,0x77,0xbe,0x4b,0x61,0xd3,0x34,0xbc,0x16,
0xaa,0x9a,0x63,0x6b,0xe5,0x60,0x66,0xe0,0x37,0x03,0x0f,0xd2,0x0a,0x35,0xc3,0xfc,
0x86,0x51,0x6c,0x55,0xa8,0x4d,0xbf,0xf0,0xb0,0x44,0xd9,0x4c,0x37,0xd6,0xe4,0x8e,
0x3a,0x6b,0xa9,0xfb,0x99,0x16,0xf8,0xf7,0x69,0xab,0xd5,0x97,0xd5,0x05,0xd5,0x31,
0x98,0x01,0x00,0x00,0x00,0x00,0x00,0x00,0x00,0x00,0x00,0x00,0x00,0x00,0x00,0x00,
0x00,0x30,0xc3,0xfc,0x86,0x51,0x6c,0x55,0xa8,0x4d,0xbf,0xf0,0xb0,0x44,0xd9,0x4c,
0x37,0xd6,0xe4,0x8e,0x3a,0x6b,0xa9,0xfb,0x99,0x16,0xf8,0xf7,0x69,0xab,0xd5,0x97,
0xd5,0x05,0xd5,0x31,0x98,0x39,0x3b,0xb0,0x2a,0x80,0x96,0x61,0x09,0x9e,0xc1,0x94,
0x9f,0xc7,0x8c,0x4c,0xe4,0xb4,0xc6,0x3c,0x78,0x00,0x97,0x27,0xfb,0x55,0xe3,0xfe,
0x43,0xd9,0xf6,0xce,0x77,0x29,0x6c,0x9a,0x86,0xd7,0x42,0x55,0x73,0x6c,0xad,0x1c,
0xcc,0x00,0x00,0x00,0x00,0x00,0x00,0x00,0x00,0x00,0x00,0x00,0x00,0x00,0x00,0x00,
0x00,0x98,0xc1,0x94,0x9f,0xc7,0x8c,0x4c,0xe4,0xb4,0xc6,0x3c,0x78,0x00,0x97,0x27,
0xfb,0x55,0xe3,0xfe,0x43,0xd9,0xf6,0xce,0x77,0x29,0x6c,0x9a,0x86,0xd7,0x42,0x55,
0x73,0x6c,0xad,0x1c,0xcc,0x0c,0xfc,0x66,0xe0,0x41,0x5a,0xa1,0x66,0x98,0xdf,0x30,
0x8a,0xad,0x0a,0xb5,0xe9,0x17,0x1e,0x96,0x28,0x9b,0xe9,0xc6,0x9a,0xdc,0x51,0x67,
0x2d,0x75,0x3f,0xd3,0x02,0xff,0x3e,0x6d,0xb5,0xfa,0xb2,0xba,0xa0,0x3a,0x06,0x33,
0x67,0x01,0x00,0x00,0x00,0x00,0x00,0x00,0x00,0x00,0x00,0x00,0x00,0x00,0x00,0x00,
0x00,0x60,0x98,0x19,0xa6,0x5c,0xec,0x4c,0xe8,0x97,0x07,0x65,0x9b,0x6c,0x72,0xff,
0x91,0xba,0x7c,0xf3,0x2f,0x0d,0xf5,0xd5,0x9c,0x8e,0x61,0x36,0x30,0xe0,0x31,0xcc,
0x0c,0x53,0x2e,0x76,0x26,0xf4,0xcb,0x83,0xb2,0x4d,0x36,0xb9,0xff,0x48,0x5d,0xbe,
0xf9,0x97,0x86,0xfa,0x6a,0x4e,0xc7,0x30,0x1b,0x18,0xf0,0x18,0x66,0x86,0x29,0x17,
0x3b,0x13,0xfa,0xe5,0x41,0xd9,0x26,0x9b,0xdc,0x7f,0xa4,0x2e,0xdf,0xfc,0x4b,0x43,
0x7d,0x01,0x00,0x00,0x00,0x00,0x00,0x00,0x00,0x00,0x00,0x00,0x00,0x00,0x00,0x00,
0x00,0x50,0xe8,0x0c,0x86,0xc1,0x0c,0xb5,0xd5,0xd8,0x12,0x5c,0x1e,0xab,0x71,0xb3,
0x66,0x6f,0x2d,0xd8,0xd4,0x6a,0x50,0x2d,0x68,0xe5,0x38,0xfb,0x66,0xd0,0x2a,0x74,
0x06,0xc3,0x60,0x86,0xda,0x6a,0x6c,0x09,0x2e,0x8f,0xd5,0xb8,0x59,0xb3,0xb7,0x16,
0x6c,0x6a,0x35,0xa8,0x16,0xb4,0x72,0x9c,0x7d,0x33,0x68,0x15,0x3a,0x83,0x61,0x30,
0x43,0x6d,0x35,0xb6,0x04,0x97,0xc7,0x6a,0xdc,0xac,0xd9,0x5b,0x0b,0x36,0xb5,0x1a,
0x54,0x01,0x00,0x00,0x00,0x00,0x00,0x00,0x00,0x00,0x00,0x00,0x00,0x00,0x00,0x00,
0x00,0x48,0xf0,0xfc,0x9e,0xa7,0x8a,0x9c,0xc2,0xe3,0x01,0xa6,0xfb,0xea,0xa8,0x95,
0xfd,0xb3,0x52,0x7c,0xfa,0xb5,0xac,0x66,0x2b,0x98,0x0d,0x5c,0x05,0x48,0x27,0x78,
0x7e,0xcf,0x53,0x45,0x4e,0xe1,0xf1,0x00,0xd3,0x7d,0x75,0xd4,0xca,0xfe,0x59,0x29,
0x3e,0xfd,0x5a,0x56,0xb3,0x15,0xcc,0x06,0xae,0x02,0xa4,0x13,0x3c,0xbf,0xe7,0xa9,
0x22,0xa7,0xf0,0x78,0x80,0xe9,0xbe,0x3a,0x6a,0x65,0xff,0xac,0x14,0x9f,0x7e,0x2d,
0xab,0x01,0x00,0x00,0x00,0x00,0x00,0x00,0x00,0x00,0x00,0x00,0x00,0x00,0x00,0x00,
0x00,0x30,0xc3,0x94,0x8b,0x9d,0x09,0xfd,0xf2,0xa0,0x6c,0x93,0x4d,0xee,0x3f,0x52,
0x97,0x6f,0xfe,0xa5,0xa1,0xbe,0x9a,0xd3,0x31,0xcc,0x06,0x06,0x3c,0x86,0x99,0x61,
0xca,0xc5,0xce,0x84,0x7e,0x79,0x50,0xb6,0xc9,0x26,0xf7,0x1f,0xa9,0xcb,0x37,0xff,
0xd2,0x50,0x5f,0xcd,0xe9,0x18,0x66,0x03,0x03,0x1e,0xc3,0xcc,0x30,0xe5,0x62,0x67,
0x42,0xbf,0x3c,0x28,0xdb,0x64,0x93,0xfb,0x8f,0xd4,0xe5,0x9b,0x7f,0x69,0xa8,0xaf,
0xe6,0x00,0x00,0x00,0x00,0x00,0x00,0x00,0x00,0x00,0x00,0x00,0x00,0x00,0x00,0x00,
0x00,0x98,0xc1,0x30,0x98,0xa1,0xb6,0x1a,0x5b,0x82,0xcb,0x63,0x35,0x6e,0xd6,0xec,
0xad,0x05,0x9b,0x5a,0x0d,0xaa,0x05,0xad,0x1c,0x67,0xdf,0x0c,0x5a,0x85,0xce,0x60,
0x18,0xcc,0x50,0x5b,0x8d,0x2d,0xc1,0xe5,0xb1,0x1a,0x37,0x6b,0xf6,0xd6,0x82,0x4d,
0xad,0x06,0xd5,0x82,0x56,0x8e,0xb3,0x6f,0x06,0xad,0x42,0x67,0x30,0x0c,0x66,0xa8,
0xad,0xc6,0x96,0xe0,0xf2,0x58,0x8d,0x9b,0x35,0x7b,0x6b,0xc1,0xa6,0x56,0x83,0x6a,
0x41,0x01,0x00,0x00,0x00,0x00,0x00,0x00,0x00,0x00,0x00,0x00,0x00,0x00,0x00,0x00,
0x00,0x98,0xdf,0xf3,0x54,0x91,0x53,0x78,0x3c,0xc0,0x74,0x5f,0x1d,0xb5,0xb2,0x7f,
0x56,0x8a,0x4f,0xbf,0x96,0xd5,0x6c,0x05,0xb3,0x81,0xab,0x00,0xe9,0x04,0xcf,0xef,
0x79,0xaa,0xc8,0x29,0x3c,0x1e,0x60,0xba,0xaf,0x8e,0x5a,0xd9,0x3f,0x2b,0xc5,0xa7,
0x5f,0xcb,0x6a,0xb6,0x82,0xd9,0xc0,0x55,0x80,0x74,0x82,0xe7,0xf7,0x3c,0x55,0xe4,
0x14,0x1e,0x0f,0x30,0xdd,0x57,0x47,0xad,0xec,0x9f,0x95,0xe2,0xd3,0xaf,0x65,0x35,
0x5b,0x01,0x00,0x00,0x00,0x00,0x00,0x00,0x00,0x00,0x00,0x00,0x00,0x00,0x00,0x00,
0x00,0x50,0xe8,0xfc,0x8a,0xad,0x36,0x78,0x94,0x6d,0xac,0xa3,0x4e,0x9d,0x16,0x3e,
0x5d,0xdf,0x82,0x82,0x79,0x60,0xa0,0x4d,0xf0,0x94,0x99,0x91,0x53,0x1e,0x70,0xf9,
0xab,0xff,0xb0,0x77,0x29,0xd2,0x00,0x55,0xb6,0xc2,0xec,0xcd,0x90,0x36,0xc3,0x30,
0x54,0xa1,0x5f,0x4b,0x98,0x2e,0xb9,0x59,0xfb,0x19,0xff,0xac,0xc6,0x6a,0x1d,0x73,
0xb6,0x0a,0x0c,0x9b,0xc1,0xf3,0x32,0x51,0xe3,0x07,0x4c,0xd6,0xb8,0xca,0xce,0xb7,
0x4d,0x01,0x00,0x00,0x00,0x00,0x00,0x00,0x00,0x00,0x00,0x00,0x00,0x00,0x00,0x00,
0x00,0x48,0xf0,0x94,0x99,0x91,0x53,0x1e,0x70,0xf9,0xab,0xff,0xb0,0x77,0x29,0xd2,
0x00,0x55,0xb6,0xc2,0xec,0xcd,0x90,0x36,0xc3,0x30,0x54,0xa1,0x5f,0x4b,0x98,0x2e,
0xb9,0x59,0xfb,0x19,0xff,0xac,0xc6,0x6a,0x1d,0x73,0xb6,0x0a,0x0c,0x9b,0xc1,0xf3,
0x32,0x51,0xe3,0x07,0x4c,0xd6,0xb8,0xca,0xce,0xb7,0x4d,0x5f,0xab,0xb9,0xca,0x19,
0x18,0x78,0x0a,0x9d,0x5f,0xb1,0xd5,0x06,0x8f,0xb2,0x8d,0x75,0xd4,0xa9,0xd3,0xc2,
0xa7,0x01,0x00,0x00,0x00,0x00,0x00,0x00,0x00,0x00,0x00,0x00,0x00,0x00,0x00,0x00,
0x00,0x30,0xc3,0x30,0x54,0xa1,0x5f,0x4b,0x98,0x2e,0xb9,0x59,0xfb,0x19,0xff,0xac,
0xc6,0x6a,0x1d,0x73,0xb6,0x0a,0x0c,0x9b,0xc1,0xf3,0x32,0x51,0xe3,0x07,0x4c,0xd6,
0xb8,0xca,0xce,0xb7,0x4d,0x5f,0xab,0xb9,0xca,0x19,0x18,0x78,0x0a,0x9d,0x5f,0xb1,
0xd5,0x06,0x8f,0xb2,0x8d,0x75,0xd4,0xa9,0xd3,0xc2,0xa7,0xeb,0x5b,0x50,0x30,0x0f,
0x0c,0xb4,0x09,0x9e,0x32,0x33,0x72,0xca,0x03,0x2e,0x7f,0xf5,0x1f,0xf6,0x2e,0x45,
0x1a,0x00,0x00,0x00,0x00,0x00,0x00,0x00,0x00,0x00,0x00,0x00,0x00,0x00,0x00,0x00,
0x00,0x98,0xc1,0xf3,0x32,0x51,0xe3,0x07,0x4c,0xd6,0xb8,0xca,0xce,0xb7,0x4d,0x5f,
0xab,0xb9,0xca,0x19,0x18,0x78,0x0a,0x9d,0x5f,0xb1,0xd5,0x06,0x8f,0xb2,0x8d,0x75,
0xd4,0xa9,0xd3,0xc2,0xa7,0xeb,0x5b,0x50,0x30,0x0f,0x0c,0xb4,0x09,0x9e,0x32,0x33,
0x72,0xca,0x03,0x2e,0x7f,0xf5,0x1f,0xf6,0x2e,0x45,0x1a,0xa0,0xca,0x56,0x98,0xbd,
0x19,0xd2,0x66,0x18,0x86,0x2a,0xf4,0x6b,0x09,0xd3,0x25,0x37,0x6b,0x3f,0xe3,0x9f,
0xd5,0x00,0x00,0x00,0x00,0x00,0x00,0x00,0x00,0x00,0x00,0x00,0x00,0x00,0x00,0x00,
0x00,0x98,0x5f,0xb1,0xd5,0x06,0x8f,0xb2,0x8d,0x75,0xd4,0xa9,0xd3,0xc2,0xa7,0xeb,
0x5b,0x50,0x30,0x0f,0x0c,0xb4,0x09,0x9e,0x32,0x33,0x72,0xca,0x03,0x2e,0x7f,0xf5,
0x1f,0xf6,0x2e,0x45,0x1a,0xa0,0xca,0x56,0x98,0xbd,0x19,0xd2,0x66,0x18,0x86,0x2a,
0xf4,0x6b,0x09,0xd3,0x25,0x37,0x6b,0x3f,0xe3,0x9f,0xd5,0x58,0xad,0x63,0xce,0x56,
0x81,0x61,0x33,0x78,0x5e,0x26,0x6a,0xfc,0x80,0xc9,0x1a,0x57,0xd9,0xf9,0xb6,0xe9,
0x6b,0x01,0x00,0x00,0x00,0x00,0x00,0x00,0x00,0x00,0x00,0x00,0x00,0x00,0x00,0x00,
0x00,0x98,0x32,0x33,0x72,0xca,0x03,0x2e,0x7f,0xf5,0x1f,0xf6,0x2e,0x45,0x1a,0xa0,
0xca,0x56,0x98,0xbd,0x19,0xd2,0x66,0x18,0x86,0x2a,0xf4,0x6b,0x09,0xd3,0x25,0x37,
0x6b,0x3f,0xe3,0x9f,0xd5,0x58,0xad,0x63,0xce,0x56,0x81,0x61,0x33,0x78,0x5e,0x26,
0x6a,0xfc,0x80,0xc9,0x1a,0x57,0xd9,0xf9,0xb6,0xe9,0x6b,0x35,0x57,0x39,0x03,0x03,
0x4f,0xa1,0xf3,0x2b,0xb6,0xda,0xe0,0x51,0xb6,0xb1,0x8e,0x3a,0x75,0x5a,0xf8,0x74,
0x7d,0x01,0x00,0x00,0x00,0x00,0x00,0x00,0x00,0x00,0x00,0x00,0x00,0x00,0x00,0x00,
0x00,0x48,0xf0,0x30,0x32,0x01,0x0f,0x2e,0x27,0x57,0xd9,0x5a,0x48,0x03,0xab,0x2b,
0x37,0x30,0x48,0xcf,0xa0,0xd8,0x39,0xb5,0xc4,0x64,0x47,0x6d,0x6f,0xfe,0xbd,0xb6,
0xa0,0x30,0xab,0x82,0x42,0xa7,0xac,0x8a,0x1a,0x97,0xed,0xab,0x59,0xcb,0xf7,0xa7,
0xa1,0xaa,0x63,0x03,0x83,0xd6,0x0c,0xcf,0x53,0x1b,0x0f,0x4c,0x67,0xdc,0xd4,0x95,
0xc2,0x6a,0x9a,0x03,0xf3,0x9b,0x19,0x36,0x3f,0x66,0xe8,0xf7,0x01,0x63,0xfd,0xc7,
0xcf,0x00,0x00,0x00,0x00,0x00,0x00,0x00,0x00,0x00,0x00,0x00,0x00,0x00,0x00,0x00,
0x00,0x30,0xc3,0xf3,0xd4,0xc6,0x03,0xd3,0x19,0x37,0x75,0xa5,0xb0,0x9a,0xe6,0xc0,
0xfc,0x66,0x86,0xcd,0x8f,0x19,0xfa,0x7d,0xc0,0x58,0xff,0xf1,0x33,0x9b,0xd6,0x97,
0xad,0x9c,0x05,0x5e,0x82,0x87,0x91,0x09,0x78,0x70,0x39,0xb9,0xca,0xd6,0x42,0x1a,
0x58,0x5d,0xb9,0x81,0x41,0x7a,0x06,0xc5,0xce,0xa9,0x25,0x26,0x3b,0x6a,0x7b,0xf3,
0xef,0xb5,0x05,0x85,0x59,0x15,0x14,0x3a,0x65,0x55,0xd4,0xb8,0x6c,0x5f,0xcd,0x5a,
0xbe,0x01,0x00,0x00,0x00,0x00,0x00,0x00,0x00,0x00,0x00,0x00,0x00,0x00,0x00,0x00,
0x00,0x98,0x41,0xb1,0x73,0x6a,0x89,0xc9,0x8e,0xda,0xde,0xfc,0x7b,0x6d,0x41,0x61,
0x56,0x05,0x85,0x4e,0x59,0x15,0x35,0x2e,0xdb,0x57,0xb3,0x96,0xef,0x4f,0x43,0x55,
0xc7,0x06,0x06,0xad,0x19,0x9e,0xa7,0x36,0x1e,0x98,0xce,0xb8,0xa9,0x2b,0x85,0xd5,
0x34,0x07,0xe6,0x37,0x33,0x6c,0x7e,0xcc,0xd0,0xef,0x03,0xc6,0xfa,0x8f,0x9f,0xd9,
0xb4,0xbe,0x6c,0xe5,0x2c,0xf0,0x12,0x3c,0x8c,0x4c,0xc0,0x83,0xcb,0xc9,0x55,0xb6,
0x16,0x00,0x00,0x00,0x00,0x00,0x00,0x00,0x00,0x00,0x00,0x00,0x00,0x00,0x00,0x00,
0x00,0x98,0x1f,0x33,0xf4,0xfb,0x80,0xb1,0xfe,0xe3,0x67,0x36,0xad,0x2f,0x5b,0x39,
0x0b,0xbc,0x04,0x0f,0x23,0x13,0xf0,0xe0,0x72,0x72,0x95,0xad,0x85,0x34,0xb0,0xba,
0x72,0x03,0x83,0xf4,0x0c,0x8a,0x9d,0x53,0x4b,0x4c,0x76,0xd4,0xf6,0xe6,0xdf,0x6b,
0x0b,0x0a,0xb3,0x2a,0x28,0x74,0xca,0xaa,0xa8,0x71,0xd9,0xbe,0x9a,0xb5,0x7c,0x7f,
0x1a,0xaa,0x3a,0x36,0x30,0x68,0xcd,0xf0,0x3c,0xb5,0xf1,0xc0,0x74,0xc6,0x4d,0x5d,
0x29,0x00,0x00,0x00,0x00,0x00,0x00,0x00,0x00,0x00,0x00,0x00,0x00,0x00,0x00,0x00,
0x00,0x98,0xb2,0x2a,0x6a,0x5c,0xb6,0xaf,0x66,0x2d,0xdf,0x9f,0x86,0xaa,0x8e,0x0d,
0x0c,0x5a,0x33,0x3c,0x4f,0x6d,0x3c,0x30,0x9d,0x71,0x53,0x57,0x0a,0xab,0x69,0x0e,
0xcc,0x6f,0x66,0xd8,0xfc,0x98,0xa1,0xdf,0x07,0x8c,0xf5,0x1f,0x3f,0xb3,0x69,0x7d,
0xd9,0xca,0x59,0xe0,0x25,0x78,0x18,0x99,0x80,0x07,0x97,0x93,0xab,0x6c,0x2d,0xa4,
0x81,0xd5,0x95,0x1b,0x18,0xa4,0x67,0x50,0xec,0x9c,0x5a,0x62,0xb2,0xa3,0xb6,0x37,
0xff,0x00,0x00,0x00,0x00,0x00,0x00,0x00,0x00,0x00,0x00,0x00,0x00,0x00,0x00,0x00,
0x00,0x18,0x46,0x26,0xe0,0xc1,0xe5,0xe4,0x2a,0x5b,0x0b,0x69,0x60,0x75,0xe5,0x06,
0x06,0xe9,0x19,0x14,0x3b,0xa7,0x96,0x98,0xec,0xa8,0xed,0xcd,0xbf,0xd7,0x16,0x14,
0x66,0x55,0x50,0xe8,0x94,0x55,0x51,0xe3,0xb2,0x7d,0x35,0x6b,0xf9,0xfe,0x34,0x54,
0x75,0x6c,0x60,0xd0,0x9a,0xe1,0x79,0x6a,0xe3,0x81,0xe9,0x8c,0x9b,0xba,0x52,0x58,
0x4d,0x73,0x60,0x7e,0x33,0xc3,0xe6,0xc7,0x0c,0xfd,0x3e,0x60,0xac,0xff,0xf8,0x99,
0x4d,0x01,0x00,0x00,0x00,0x00,0x00,0x00,0x00,0x00,0x00,0x00,0x00,0x00,0x00,0x00,
0x00,0x30,0x43,0xb1,0xf5,0x5b,0xb6,0xe4,0xa6,0x8e,0x7f,0xf5,0xd5,0xf1,0xc0,0x18,
0x36,0xe5,0x4c,0xf0,0x60,0xb2,0xff,0xc8,0x77,0x1a,0x34,0x07,0x33,0xe0,0x99,0xa1,
0xd8,0xfa,0x2d,0x5b,0x72,0x53,0xc7,0xbf,0xfa,0xea,0x78,0x60,0x0c,0x9b,0x72,0x26,
0x78,0x30,0xd9,0x7f,0xe4,0x3b,0x0d,0x9a,0x83,0x19,0xf0,0xcc,0x50,0x6c,0xfd,0x96,
0x2d,0xb9,0xa9,0xe3,0x5f,0x7d,0x75,0x3c,0x30,0x86,0x4d,0x39,0x13,0x3c,0x98,0xec,
0x3f,0x00,0x00,0x00,0x00,0x00,0x00,0x00,0x00,0x00,0x00,0x00,0x00,0x00,0x00,0x00,
0x00,0x98,0x01,0x33,0x6a,0xcc,0x65,0xe3,0xda,0xdb,0xa6,0x50,0xad,0xdc,0x9b,0x15,
0x3a,0x0c,0xb5,0x59,0x62,0xac,0x59,0xd3,0x82,0xd5,0x0a,0xca,0x59,0xd0,0xce,0x80,
0x19,0x35,0xe6,0xb2,0x71,0xed,0x6d,0x53,0xa8,0x56,0xee,0xcd,0x0a,0x1d,0x86,0xda,
0x2c,0x31,0xd6,0xac,0x69,0xc1,0x6a,0x05,0xe5,0x2c,0x68,0x67,0xc0,0x8c,0x1a,0x73,
0xd9,0xb8,0xf6,0xb6,0x29,0x54,0x2b,0xf7,0x66,0x85,0x0e,0x43,0x6d,0x96,0x18,0x6b,
0xd6,0x00,0x00,0x00,0x00,0x00,0x00,0x00,0x00,0x00,0x00,0x00,0x00,0x00,0x00,0x00,
0x00,0x98,0x9f,0x2a,0xe0,0x61,0xba,0x51,0xff,0xec,0xd3,0xac,0x06,0x73,0x15,0x12,
0xfc,0xbc,0x9c,0x3e,0xe0,0xab,0xca,0x2e,0xc5,0x6b,0xd9,0x6a,0x60,0x48,0xcf,0x4f,
0x15,0xf0,0x30,0xdd,0xa8,0x7f,0xf6,0x69,0x56,0x83,0xb9,0x0a,0x09,0x7e,0x5e,0x4e,
0x1f,0xf0,0x55,0x65,0x97,0xe2,0xb5,0x6c,0x35,0x30,0xa4,0xe7,0xa7,0x0a,0x78,0x98,
0x6e,0xd4,0x3f,0xfb,0x34,0xab,0xc1,0x5c,0x85,0x04,0x3f,0x2f,0xa7,0x0f,0xf8,0xaa,
0xb2,0x01,0x00,0x00,0x00,0x00,0x00,0x00,0x00,0x00,0x00,0x00,0x00,0x00,0x00,0x00,
0x00,0x98,0x72,0x26,0x78,0x30,0xd9,0x7f,0xe4,0x3b,0x0d,0x9a,0x83,0x19,0xf0,0xcc,
0x50,0x6c,0xfd,0x96,0x2d,0xb9,0xa9,0xe3,0x5f,0x7d,0x75,0x3c,0x30,0x86,0x4d,0x39,
0x13,0x3c,0x98,0xec,0x3f,0xf2,0x9d,0x06,0xcd,0xc1,0x0c,0x78,0x66,0x28,0xb6,0x7e,
0xcb,0x96,0xdc,0xd4,0xf1,0xaf,0xbe,0x3a,0x1e,0x18,0xc3,0xa6,0x9c,0x09,0x1e,0x4c,
0xf6,0x1f,0xf9,0x4e,0x83,0xe6,0x60,0x06,0x3c,0x33,0x14,0x5b,0xbf,0x65,0x4b,0x6e,
0xea,0x00,0x00,0x00,0x00,0x00,0x00,0x00,0x00,0x00,0x00,0x00,0x00,0x00,0x00,0x00,
0x00,0x18,0x86,0xda,0x2c,0x31,0xd6,0xac,0x69,0xc1,0x6a,0x05,0xe5,0x2c,0x68,0x67,
0xc0,0x8c,0x1a,0x73,0xd9,0xb8,0xf6,0xb6,0x29,0x54,0x2b,0xf7,0x66,0x85,0x0e,0x43,
0x6d,0x96,0x18,0x6b,0xd6,0xb4,0x60,0xb5,0x82,0x72,0x16,0xb4,0x33,0x60,0x46,0x8d,
0xb9,0x6c,0x5c,0x7b,0xdb,0x14,0xaa,0x95,0x7b,0xb3,0x42,0x87,0xa1,0x36,0x4b,0x8c,
0x35,0x6b,0x5a,0xb0,0x5a,0x41,0x39,0x0b,0xda,0x19,0x30,0xa3,0xc6,0x5c,0x36,0xae,
0xbd,0x01,0x00,0x00,0x00,0x00,0x00,0x00,0x00,0x00,0x00,0x00,0x00,0x00,0x00,0x00,
0x00,0x78,0x5e,0x4e,0x1f,0xf0,0x55,0x65,0x97,0xe2,0xb5,0x6c,0x35,0x30,0xa4,0xe7,
0xa7,0x0a,0x78,0x98,0x6e,0xd4,0x3f,0xfb,0x34,0xab,0xc1,0x5c,0x85,0x04,0x3f,0x2f,
0xa7,0x0f,0xf8,0xaa,0xb2,0x4b,0xf1,0x5a,0xb6,0x1a,0x18,0xd2,0xf3,0x53,0x05,0x3c,
0x4c,0x37,0xea,0x9f,0x7d,0x9a,0xd5,0x60,0xae,0x42,0x82,0x9f,0x97,0xd3,0x07,0x7c,
0x55,0xd9,0xa5,0x78,0x2d,0x5b,0x0d,0x0c,0xe9,0xf9,0xa9,0x02,0x1e,0xa6,0x1b,0xf5,
0xcf,0x00,0x00,0x00,0x00,0x00,0x00,0x00,0x00,0x00,0x00,0x00,0x00,0x00,0x00,0x00,
0x00,0x98,0x81,0x2a,0x78,0x30,0x56,0x65,0xf3,0x0f,0xaa,0x60,0x06,0xde,0x0c,0x54,
0xc1,0x83,0xb1,0x2a,0x9b,0x7f,0x50,0x05,0x33,0xf0,0x66,0xa0,0x0a,0x1e,0x8c,0x55,
0xd9,0xfc,0x83,0x2a,0x98,0x81,0x37,0x03,0x55,0xf0,0x60,0xac,0xca,0xe6,0x1f,0x54,
0xc1,0x0c,0xbc,0x19,0xa8,0x82,0x07,0x63,0x55,0x36,0xff,0xa0,0x0a,0x66,0xe0,0xcd,
0x40,0x15,0x3c,0x18,0xab,0xb2,0xf9,0x07,0x55,0x30,0x03,0x6f,0x06,0xaa,0xe0,0xc1,
0x58,0x01,0x00,0x00,0x00,0x00,0x00,0x00,0x00,0x00,0x00,0x00,0x00,0x00,0x00,0x00,
0x00,0x98,0x5f,0x26,0x2c,0xf1,0xd5,0xd4,0xd9,0x94,0xd5,0x30,0x03,0xed,0xfc,0x32,
0x61,0x89,0xaf,0xa6,0xce,0xa6,0xac,0x86,0x19,0x68,0xe7,0x97,0x09,0x4b,0x7c,0x35,
0x75,0x36,0x65,0x35,0xcc,0x40,0x3b,0xbf,0x4c,0x58,0xe2,0xab,0xa9,0xb3,0x29,0xab,
0x61,0x06,0xda,0xf9,0x65,0xc2,0x12,0x5f,0x4d,0x9d,0x4d,0x59,0x0d,0x33,0xd0,0xce,
0x2f,0x13,0x96,0xf8,0x6a,0xea,0x6c,0xca,0x6a,0x98,0x81,0x76,0x7e,0x99,0xb0,0xc4,
0x57,0x01,0x00,0x00,0x00,0x00,0x00,0x00,0x00,0x00,0x00,0x00,0x00,0x00,0x00,0x00,
0x00,0x98,0xb2,0xda,0x1e,0x90,0x5c,0x7b,0x7f,0x5a,0x73,0x9c,0x85,0xf4,0x94,0xd5,
0xf6,0x80,0xe4,0xda,0xfb,0xd3,0x9a,0xe3,0x2c,0xa4,0xa7,0xac,0xb6,0x07,0x24,0xd7,
0xde,0x9f,0xd6,0x1c,0x67,0x21,0x3d,0x65,0xb5,0x3d,0x20,0xb9,0xf6,0xfe,0xb4,0xe6,
0x38,0x0b,0xe9,0x29,0xab,0xed,0x01,0xc9,0xb5,0xf7,0xa7,0x35,0xc7,0x59,0x48,0x4f,
0x59,0x6d,0x0f,0x48,0xae,0xbd,0x3f,0xad,0x39,0xce,0x42,0x7a,0xca,0x6a,0x7b,0x40,
0x72,0x01,0x00,0x00,0x00,0x00,0x00,0x00,0x00,0x00,0x00,0x00,0x00,0x00,0x00,0x00,
0x00,0x18,0x46,0x4e,0xcb,0x66,0xdc,0x9f,0xa5,0xa1,0xa0,0x06,0x66,0xd8,0x30,0x72,
0x5a,0x36,0xe3,0xfe,0x2c,0x0d,0x05,0x35,0x30,0xc3,0x86,0x91,0xd3,0xb2,0x19,0xf7,
0x67,0x69,0x28,0xa8,0x81,0x19,0x36,0x8c,0x9c,0x96,0xcd,0xb8,0x3f,0x4b,0x43,0x41,
0x0d,0xcc,0xb0,0x61,0xe4,0xb4,0x6c,0xc6,0xfd,0x59,0x1a,0x0a,0x6a,0x60,0x86,0x0d,
0x23,0xa7,0x65,0x33,0xee,0xcf,0xd2,0x50,0x50,0x03,0x33,0x6c,0x18,0x39,0x2d,0x9b,
0x71,0x01,0x00,0x00,0x00,0x00,0x00,0x00,0x00,0x00,0x00,0x00,0x00,0x00,0x00,0x00,
0x00,0x78,0x9e,0x7e,0xb9,0x3c,0xea,0x7c,0x5b,0x8d,0xad,0x03,0x53,0xe8,0xf3,0xf4,
0xcb,0xe5,0x51,0xe7,0xdb,0x6a,0x6c,0x1d,0x98,0x42,0x9f,0xa7,0x5f,0x2e,0x8f,0x3a,
0xdf,0x56,0x63,0xeb,0xc0,0x14,0xfa,0x3c,0xfd,0x72,0x79,0xd4,0xf9,0xb6,0x1a,0x5b,
0x07,0xa6,0xd0,0xe7,0xe9,0x97,0xcb,0xa3,0xce,0xb7,0xd5,0xd8,0x3a,0x30,0x85,0x3e,
0x4f,0xbf,0x5c,0x1e,0x75,0xbe,0xad,0xc6,0xd6,0x81,0x29,0xf4,0x79,0xfa,0xe5,0xf2,
0xa8,0x01,0x00,0x00,0x00,0x00,0x00,0x00,0x00,0x00,0x00,0x00,0x00,0x00,0x00,0x00,
0x00,0x28,0x76,0x8d,0x4d,0xf7,0x0f,0x2d,0xbc,0x56,0xc7,0x6f,0x4e,0x70,0xb1,0x6b,
0x6c,0xba,0x7f,0x68,0xe1,0xb5,0x3a,0x7e,0x73,0x82,0x8b,0x5d,0x63,0xd3,0xfd,0x43,
0x0b,0xaf,0xd5,0xf1,0x9b,0x13,0x5c,0xec,0x1a,0x9b,0xee,0x1f,0x5a,0x78,0xad,0x8e,
0xdf,0x9c,0xe0,0x62,0xd7,0xd8,0x74,0xff,0xd0,0xc2,0x6b,0x75,0xfc,0xe6,0x04,0x17,
0xbb,0xc6,0xa6,0xfb,0x87,0x16,0x5e,0xab,0xe3,0x37,0x27,0xb8,0xd8,0x35,0x36,0xdd,
0x3f,0x00,0x00,0x00,0x00,0x00,0x00,0x00,0x00,0x00,0x00,0x00,0x00,0x00,0x00,0x00,
0x00,0x98,0x9f,0xda,0xca,0x36,0x6a,0x2d,0xd4,0x17,0xcc,0xa0,0x9d,0x72,0x4e,0xb9,
0xfc,0x8f,0x52,0x40,0x15,0x66,0x90,0x1e,0x86,0x7e,0x4d,0x97,0x35,0xfe,0xb1,0x9a,
0xb3,0x0c,0x7b,0x5e,0x8d,0x27,0xab,0x6c,0x9b,0x6a,0xce,0xc0,0x0a,0x2d,0x36,0x3c,
0xc6,0x9a,0xba,0x4f,0x17,0x74,0x60,0x09,0x66,0x06,0x0f,0xbe,0x6a,0xef,0x34,0xb0,
0xf5,0xcd,0x66,0x50,0x85,0x25,0x92,0xfb,0x33,0xab,0xe9,0xb8,0x0a,0x33,0xc8,0xc4,
0x03,0x00,0x00,0x00,0x00,0x00,0x00,0x00,0x00,0x00,0x00,0x00,0x00,0x00,0x00,0x00,
0x00,0x98,0x72,0x4e,0xb9,0xfc,0x8f,0x52,0x40,0x15,0x66,0x90,0x1e,0x86,0x7e,0x4d,
0x97,0x35,0xfe,0xb1,0x9a,0xb3,0x0c,0x7b,0x5e,0x8d,0x27,0xab,0x6c,0x9b,0x6a,0xce,
0xc0,0x0a,0x2d,0x36,0x3c,0xc6,0x9a,0xba,0x4f,0x17,0x74,0x60,0x09,0x66,0x06,0x0f,
0xbe,0x6a,0xef,0x34,0xb0,0xf5,0xcd,0x66,0x50,0x85,0x25,0x92,0xfb,0x33,0xab,0xe9,
0xb8,0x0a,0x33,0xc8,0xc4,0x03,0x8c,0x9b,0xef,0xd7,0x56,0x0e,0x78,0xf3,0x53,0x5b,
0xd9,0x00,0x00,0x00,0x00,0x00,0x00,0x00,0x00,0x00,0x00,0x00,0x00,0x00,0x00,0x00,
0x00,0x18,0x86,0x7e,0x4d,0x97,0x35,0xfe,0xb1,0x9a,0xb3,0x0c,0x7b,0x5e,0x8d,0x27,
0xab,0x6c,0x9b,0x6a,0xce,0xc0,0x0a,0x2d,0x36,0x3c,0xc6,0x9a,0xba,0x4f,0x17,0x74,
0x60,0x09,0x66,0x06,0x0f,0xbe,0x6a,0xef,0x34,0xb0,0xf5,0xcd,0x66,0x50,0x85,0x25,
0x92,0xfb,0x33,0xab,0xe9,0xb8,0x0a,0x33,0xc8,0xc4,0x03,0x8c,0x9b,0xef,0xd7,0x56,
0x0e,0x78,0xf3,0x53,0x5b,0xd9,0x46,0xad,0x85,0xfa,0x82,0x19,0xb4,0x53,0xce,0x29,
0x97,0x01,0x00,0x00,0x00,0x00,0x00,0x00,0x00,0x00,0x00,0x00,0x00,0x00,0x00,0x00,
0x00,0x78,0x5e,0x8d,0x27,0xab,0x6c,0x9b,0x6a,0xce,0xc0,0x0a,0x2d,0x36,0x3c,0xc6,
0x9a,0xba,0x4f,0x17,0x74,0x60,0x09,0x66,0x06,0x0f,0xbe,0x6a,0xef,0x34,0xb0,0xf5,
0xcd,0x66,0x50,0x85,0x25,0x92,0xfb,0x33,0xab,0xe9,0xb8,0x0a,0x33,0xc8,0xc4,0x03,
0x8c,0x9b,0xef,0xd7,0x56,0x0e,0x78,0xf3,0x53,0x5b,0xd9,0x46,0xad,0x85,0xfa,0x82,
0x19,0xb4,0x53,0xce,0x29,0x97,0xff,0x51,0x0a,0xa8,0xc2,0x0c,0xd2,0xc3,0xd0,0xaf,
0xe9,0x00,0x00,0x00,0x00,0x00,0x00,0x00,0x00,0x00,0x00,0x00,0x00,0x00,0x00,0x00,
0x00,0x28,0x36,0x3c,0xc6,0x9a,0xba,0x4f,0x17,0x74,0x60,0x09,0x66,0x06,0x0f,0xbe,
0x6a,0xef,0x34,0xb0,0xf5,0xcd,0x66,0x50,0x85,0x25,0x92,0xfb,0x33,0xab,0xe9,0xb8,
0x0a,0x33,0xc8,0xc4,0x03,0x8c,0x9b,0xef,0xd7,0x56,0x0e,0x78,0xf3,0x53,0x5b,0xd9,
0x46,0xad,0x85,0xfa,0x82,0x19,0xb4,0x53,0xce,0x29,0x97,0xff,0x51,0x0a,0xa8,0xc2,
0x0c,0xd2,0xc3,0xd0,0xaf,0xe9,0xb2,0xc6,0x3f,0x56,0x73,0x96,0x61,0xcf,0xab,0xf1,
0x64,0x01,0x00,0x00,0x00,0x00,0x00,0x00,0x00,0x00,0x00,0x00,0x00,0x00,0x00,0x00,
0x00,0x60,0x06,0x0f,0xbe,0x6a,0xef,0x34,0xb0,0xf5,0xcd,0x66,0x50,0x85,0x25,0x92,
0xfb,0x33,0xab,0xe9,0xb8,0x0a,0x33,0xc8,0xc4,0x03,0x8c,0x9b,0xef,0xd7,0x56,0x0e,
0x78,0xf3,0x53,0x5b,0xd9,0x46,0xad,0x85,0xfa,0x82,0x19,0xb4,0x53,0xce,0x29,0x97,
0xff,0x51,0x0a,0xa8,0xc2,0x0c,0xd2,0xc3,0xd0,0xaf,0xe9,0xb2,0xc6,0x3f,0x56,0x73,
0x96,0x61,0xcf,0xab,0xf1,0x64,0x95,0x6d,0x53,0xcd,0x19,0x58,0xa1,0xc5,0x86,0xc7,
0x58,0x01,0x00,0x00,0x00,0x00,0x00,0x00,0x00,0x00,0x00,0x00,0x00,0x00,0x00,0x00,
0x00,0x98,0xb2,0x7e,0x27,0x9b,0xba,0x34,0xe8,0x18,0x78,0x53,0xd6,0xef,0x64,0x53,
0x97,0x06,0x1d,0x03,0x6f,0xca,0xfa,0x9d,0x6c,0xea,0xd2,0xa0,0x63,0xe0,0x4d,0x59,
0xbf,0x93,0x4d,0x5d,0x1a,0x74,0x0c,0xbc,0x29,0xeb,0x77,0xb2,0xa9,0x4b,0x83,0x8e,
0x81,0x37,0x65,0xfd,0x4e,0x36,0x75,0x69,0xd0,0x31,0xf0,0xa6,0xac,0xdf,0xc9,0xa6,
0x2e,0x0d,0x3a,0x06,0xde,0x94,0xf5,0x3b,0xd9,0xd4,0xa5,0x41,0xc7,0xc0,0x9b,0xb2,
0x7e,0x01,0x00,0x00,0x00,0x00,0x00,0x00,0x00,0x00,0x00,0x00,0x00,0x00,0x00,0x00,
0x00,0x18,0x46,0x8d,0xc7,0x6a,0x6f,0xab,0x55,0x0e,0xb4,0xc3,0xa8,0xf1,0x58,0xed,
0x6d,0xb5,0xca,0x81,0x76,0x18,0x35,0x1e,0xab,0xbd,0xad,0x56,0x39,0xd0,0x0e,0xa3,
0xc6,0x63,0xb5,0xb7,0xd5,0x2a,0x07,0xda,0x61,0xd4,0x78,0xac,0xf6,0xb6,0x5a,0xe5,
0x40,0x3b,0x8c,0x1a,0x8f,0xd5,0xde,0x56,0xab,0x1c,0x68,0x87,0x51,0xe3,0xb1,0xda,
0xdb,0x6a,0x95,0x03,0xed,0x30,0x6a,0x3c,0x56,0x7b,0x5b,0xad,0x72,0xa0,0x1d,0x46,
0x8d,0x01,0x00,0x00,0x00,0x00,0x00,0x00,0x00,0x00,0x00,0x00,0x00,0x00,0x00,0x00,
0x00,0x78,0x1e,0x3c,0xbe,0xfa,0xb3,0xd7,0x82,0x19,0xd2,0xcf,0x83,0xc7,0x57,0x7f,
0xf6,0x5a,0x30,0x43,0xfa,0x79,0xf0,0xf8,0xea,0xcf,0x5e,0x0b,0x66,0x48,0x3f,0x0f,
0x1e,0x5f,0xfd,0xd9,0x6b,0xc1,0x0c,0xe9,0xe7,0xc1,0xe3,0xab,0x3f,0x7b,0x2d,0x98,
0x21,0xfd,0x3c,0x78,0x7c,0xf5,0x67,0xaf,0x05,0x33,0xa4,0x9f,0x07,0x8f,0xaf,0xfe,
0xec,0xb5,0x60,0x86,0xf4,0xf3,0xe0,0xf1,0xd5,0x9f,0xbd,0x16,0xcc,0x90,0x7e,0x1e,
0x3c,0x00,0x00,0x00,0x00,0x00,0x00,0x00,0x00,0x00,0x00,0x00,0x00,0x00,0x00,0x00,
0x00,0x28,0x36,0x0f,0x92,0x9b,0xef,0xfa,0xc2,0x8c,0x61,0xc5,0xe6,0x41,0x72,0xf3,
0x5d,0x5f,0x98,0x31,0xac,0xd8,0x3c,0x48,0x6e,0xbe,0xeb,0x0b,0x33,0x86,0x15,0x9b,
0x07,0xc9,0xcd,0x77,0x7d,0x61,0xc6,0xb0,0x62,0xf3,0x20,0xb9,0xf9,0xae,0x2f,0xcc,
0x18,0x56,0x6c,0x1e,0x24,0x37,0xdf,0xf5,0x85,0x19,0xc3,0x8a,0xcd,0x83,0xe4,0xe6,
0xbb,0xbe,0x30,0x63,0x58,0xb1,0x79,0x90,0xdc,0x7c,0xd7,0x17,0x66,0x0c,0x2b,0x36,
0x0f,0x00,0x00,0x00,0x00,0x00,0x00,0x00,0x00,0x00,0x00,0x00,0x00,0x00,0x00,0x00,
0x00,0x60,0x86,0x25,0x8c,0xab,0x05,0xa8,0x72,0x56,0xa1,0xcc,0xb0,0x84,0x71,0xb5,
0x00,0x55,0xce,0x2a,0x94,0x19,0x96,0x30,0xae,0x16,0xa0,0xca,0x59,0x85,0x32,0xc3,
0x12,0xc6,0xd5,0x02,0x54,0x39,0xab,0x50,0x66,0x58,0xc2,0xb8,0x5a,0x80,0x2a,0x67,
0x15,0xca,0x0c,0x4b,0x18,0x57,0x0b,0x50,0xe5,0xac,0x42,0x99,0x61,0x09,0xe3,0x6a,
0x01,0xaa,0x9c,0x55,0x28,0x33,0x2c,0x61,0x5c,0x2d,0x40,0x95,0xb3,0x0a,0x65,0x86,
0x25,0x00,0x00,0x00,0x00,0x00,0x00,0x00,0x00,0x00,0x00,0x00,0x00,0x00,0x00,0x00,
0x00,0x50,0xc5,0x03,0x46,0x5d,0x0a,0x56,0x1b,0x38,0xc1,0xaa,0x78,0xc0,0xa8,0x4b,
0xc1,0x6a,0x03,0x27,0x58,0x15,0x0f,0x18,0x75,0x29,0x58,0x6d,0xe0,0x04,0xab,0xe2,
0x01,0xa3,0x2e,0x05,0xab,0x0d,0x9c,0x60,0x55,0x3c,0x60,0xd4,0xa5,0x60,0xb5,0x81,
0x13,0xac,0x8a,0x07,0x8c,0xba,0x14,0xac,0x36,0x70,0x82,0x55,0xf1,0x80,0x51,0x97,
0x82,0xd5,0x06,0x4e,0xb0,0x2a,0x1e,0x30,0xea,0x52,0xb0,0xda,0xc0,0x09,0x56,0xc5,
0x03,0x00,0x00,0x00,0x00,0x00,0x00,0x00,0x00,0x00,0x00,0x00,0x00,0x00,0x00,0x00,
0x00,0x18,0x06,0x3c,0x92,0xab,0x05,0x56,0x0f,0x6c,0x06,0x39,0x9d,0xac,0xbd,0x5f,
0x0b,0x33,0x85,0xaa,0xa2,0x6c,0x59,0xfb,0xb4,0x8e,0x41,0xfb,0x3c,0x1e,0x18,0xb7,
0x14,0x9a,0x7b,0xf3,0xfc,0xf4,0x3b,0xd6,0x9f,0xd5,0x97,0xb3,0x09,0xce,0x04,0x97,
0x95,0x9d,0x86,0xca,0x41,0xba,0xd8,0x96,0x18,0x35,0xff,0x0a,0x5a,0x85,0x29,0xd7,
0xf8,0xab,0xf9,0x86,0xaa,0x81,0xcd,0xa0,0x36,0xd3,0xa5,0xce,0x6a,0x60,0x66,0x18,
0x33,0x00,0x00,0x00,0x00,0x00,0x00,0x00,0x00,0x00,0x00,0x00,0x00,0x00,0x00,0x00,
0x00,0x78,0x1e,0x0f,0x8c,0x5b,0x0a,0xcd,0xbd,0x79,0x7e,0xfa,0x1d,0xeb,0xcf,0xea,
0xcb,0xd9,0x04,0x67,0x82,0xcb,0xca,0x4e,0x43,0xe5,0x20,0x5d,0x6c,0x4b,0x8c,0x9a,
0x7f,0x05,0xad,0xc2,0x94,0x6b,0xfc,0xd5,0x7c,0x43,0xd5,0xc0,0x66,0x50,0x9b,0xe9,
0x52,0x67,0x35,0x30,0x33,0x8c,0x19,0x0f,0xf8,0x87,0x4d,0xd9,0x0a,0xbc,0x61,0xc0,
0x23,0xb9,0x5a,0x60,0xf5,0xc0,0x66,0x90,0xd3,0xc9,0xda,0xfb,0xb5,0x30,0x53,0xa8,
0x2a,0x00,0x00,0x00,0x00,0x00,0x00,0x00,0x00,0x00,0x00,0x00,0x00,0x00,0x00,0x00,
0x00,0x28,0xb6,0x25,0x46,0xcd,0xbf,0x82,0x56,0x61,0xca,0x35,0xfe,0x6a,0xbe,0xa1,
0x6a,0x60,0x33,0xa8,0xcd,0x74,0xa9,0xb3,0x1a,0x98,0x19,0xc6,0x8c,0x07,0xfc,0xc3,
0xa6,0x6c,0x05,0xde,0x30,0xe0,0x91,0x5c,0x2d,0xb0,0x7a,0x60,0x33,0xc8,0xe9,0x64,
0xed,0xfd,0x5a,0x98,0x29,0x54,0x15,0x65,0xcb,0xda,0xa7,0x75,0x0c,0xda,0xe7,0xf1,
0xc0,0xb8,0xa5,0xd0,0xdc,0x9b,0xe7,0xa7,0xdf,0xb1,0xfe,0xac,0xbe,0x9c,0x4d,0x70,
0x26,0x00,0x00,0x00,0x00,0x00,0x00,0x00,0x00,0x00,0x00,0x00,0x00,0x00,0x00,0x00,
0x00,0x60,0xc6,0x03,0xfe,0x61,0x53,0xb6,0x02,0x6f,0x18,0xf0,0x48,0xae,0x16,0x58,
0x3d,0xb0,0x19,0xe4,0x74,0xb2,0xf6,0x7e,0x2d,0xcc,0x14,0xaa,0x8a,0xb2,0x65,0xed,
0xd3,0x3a,0x06,0xed,0xf3,0x78,0x60,0xdc,0x52,0x68,0xee,0xcd,0xf3,0xd3,0xef,0x58,
0x7f,0x56,0x5f,0xce,0x26,0x38,0x13,0x5c,0x56,0x76,0x1a,0x2a,0x07,0xe9,0x62,0x5b,
0x62,0xd4,0xfc,0x2b,0x68,0x15,0xa6,0x5c,0xe3,0xaf,0xe6,0x1b,0xaa,0x06,0x36,0x83,
0xda,0x00,0x00,0x00,0x00,0x00,0x00,0x00,0x00,0x00,0x00,0x00,0x00,0x00,0x00,0x00,
0x00,0x50,0x45,0xd9,0xb2,0xf6,0x69,0x1d,0x83,0xf6,0x79,0x3c,0x30,0x6e,0x29,0x34,
0xf7,0xe6,0xf9,0xe9,0x77,0xac,0x3f,0xab,0x2f,0x67,0x13,0x9c,0x09,0x2e,0x2b,0x3b,
0x0d,0x95,0x83,0x74,0xb1,0x2d,0x31,0x6a,0xfe,0x15,0xb4,0x0a,0x53,0xae,0xf1,0x57,
0xf3,0x0d,0x55,0x03,0x9b,0x41,0x6d,0xa6,0x4b,0x9d,0xd5,0xc0,0xcc,0x30,0x66,0x3c,
0xe0,0x1f,0x36,0x65,0x2b,0xf0,0x86,0x01,0x8f,0xe4,0x6a,0x81,0xd5,0x03,0x9b,0x41,
0x4e,0x01,0x00,0x00,0x00,0x00,0x00,0x00,0x00,0x00,0x00,0x00,0x00,0x00,0x00,0x00,
0x00,0xc8,0x04,0x97,0x95,0x9d,0x86,0xca,0x41,0xba,0xd8,0x96,0x18,0x35,0xff,0x0a,
0x5a,0x85,0x29,0xd7,0xf8,0xab,0xf9,0x86,0xaa,0x81,0xcd,0xa0,0x36,0xd3,0xa5,0xce,
0x6a,0x60,0x66,0x18,0x33,0x1e,0xf0,0x0f,0x9b,0xb2,0x15,0x78,0xc3,0x80,0x47,0x72,
0xb5,0xc0,0xea,0x81,0xcd,0x20,0xa7,0x93,0xb5,0xf7,0x6b,0x61,0xa6,0x50,0x55,0x94,
0x2d,0x6b,0x9f,0xd6,0x31,0x68,0x9f,0xc7,0x03,0xe3,0x96,0x42,0x73,0x6f,0x9e,0x9f,
0x7e,0x01,0x00,0x00,0x00,0x00,0x00,0x00,0x00,0x00,0x00,0x00,0x00,0x00,0x00,0x00,
0x00,0x78,0x9e,0x25,0xfe,0xf1,0xe9,0xca,0x31,0x4c,0x15,0x5c,0x4e,0xdd,0x6b,0x39,
0x6b,0x86,0x9c,0x8e,0x35,0xdf,0xac,0x7e,0xf3,0x94,0xe1,0x61,0x5c,0xfe,0xb1,0x15,
0xb4,0xc5,0x7e,0x40,0xd6,0xd2,0x00,0x66,0x85,0x66,0xc2,0x74,0xf6,0xae,0xaf,0x81,
0x67,0xa0,0xdf,0xaf,0x6a,0x41,0x73,0x55,0x18,0x06,0x0f,0x46,0x6d,0x53,0x1d,0x43,
0x9a,0x19,0x65,0x53,0xb6,0xd5,0x60,0x96,0x60,0xb5,0x4d,0xf6,0x67,0x50,0x1d,0xd8,
0xfc,0x00,0x00,0x00,0x00,0x00,0x00,0x00,0x00,0x00,0x00,0x00,0x00,0x00,0x00,0x00,
0x00,0x28,0xf6,0x03,0xb2,0x96,0x06,0x30,0x2b,0x34,0x13,0xa6,0xb3,0x77,0x7d,0x0d,
0x3c,0x03,0xfd,0x7e,0x55,0x0b,0x9a,0xab,0xc2,0x30,0x78,0x30,0x6a,0x9b,0xea,0x18,
0xd2,0xcc,0x28,0x9b,0xb2,0xad,0x06,0xb3,0x04,0xab,0x6d,0xb2,0x3f,0x83,0xea,0xc0,
0xe6,0x57,0xe3,0xe4,0x96,0xa2,0xa0,0xc0,0x7b,0x9e,0x25,0xfe,0xf1,0xe9,0xca,0x31,
0x4c,0x15,0x5c,0x4e,0xdd,0x6b,0x39,0x6b,0x86,0x9c,0x8e,0x35,0xdf,0xac,0x7e,0xf3,
0x94,0x01,0x00,0x00,0x00,0x00,0x00,0x00,0x00,0x00,0x00,0x00,0x00,0x00,0x00,0x00,
0x00,0x60,0x46,0xd9,0x94,0x6d,0x35,0x98,0x25,0x58,0x6d,0x93,0xfd,0x19,0x54,0x07,
0x36,0xbf,0x1a,0x27,0xb7,0x14,0x05,0x05,0xde,0xf3,0x2c,0xf1,0x8f,0x4f,0x57,0x8e,
0x61,0xaa,0xe0,0x72,0xea,0x5e,0xcb,0x59,0x33,0xe4,0x74,0xac,0xf9,0x66,0xf5,0x9b,
0xa7,0x0c,0x0f,0xe3,0xf2,0x8f,0xad,0xa0,0x2d,0xf6,0x03,0xb2,0x96,0x06,0x30,0x2b,
0x34,0x13,0xa6,0xb3,0x77,0x7d,0x0d,0x3c,0x03,0xfd,0x7e,0x55,0x0b,0x9a,0xab,0xc2,
0x30,0x00,0x00,0x00,0x00,0x00,0x00,0x00,0x00,0x00,0x00,0x00,0x00,0x00,0x00,0x00,
0x00,0x50,0x05,0x97,0x53,0xf7,0x5a,0xce,0x9a,0x21,0xa7,0x63,0xcd,0x37,0xab,0xdf,
0x3c,0x65,0x78,0x18,0x97,0x7f,0x6c,0x05,0x6d,0xb1,0x1f,0x90,0xb5,0x34,0x80,0x59,
0xa1,0x99,0x30,0x9d,0xbd,0xeb,0x6b,0xe0,0x19,0xe8,0xf7,0xab,0x5a,0xd0,0x5c,0x15,
0x86,0xc1,0x83,0x51,0xdb,0x54,0xc7,0x90,0x66,0x46,0xd9,0x94,0x6d,0x35,0x98,0x25,
0x58,0x6d,0x93,0xfd,0x19,0x54,0x07,0x36,0xbf,0x1a,0x27,0xb7,0x14,0x05,0x05,0xde,
0xf3,0x00,0x00,0x00,0x00,0x00,0x00,0x00,0x00,0x00,0x00,0x00,0x00,0x00,0x00,0x00,
0x00,0xc8,0x84,0xe9,0xec,0x5d,0x5f,0x03,0xcf,0x40,0xbf,0x5f,0xd5,0x82,0xe6,0xaa,
0x30,0x0c,0x1e,0x8c,0xda,0xa6,0x3a,0x86,0x34,0x33,0xca,0xa6,0x6c,0xab,0xc1,0x2c,
0xc1,0x6a,0x9b,0xec,0xcf,0xa0,0x3a,0xb0,0xf9,0xd5,0x38,0xb9,0xa5,0x28,0x28,0xf0,
0x9e,0x67,0x89,0x7f,0x7c,0xba,0x72,0x0c,0x53,0x05,0x97,0x53,0xf7,0x5a,0xce,0x9a,
0x21,0xa7,0x63,0xcd,0x37,0xab,0xdf,0x3c,0x65,0x78,0x18,0x97,0x7f,0x6c,0x05,0x6d,
0xb1,0x01,0x00,0x00,0x00,0x00,0x00,0x00,0x00,0x00,0x00,0x00,0x00,0x00,0x00,0x00,
0x00,0x50,0xdb,0x64,0x7f,0x06,0xd5,0x81,0xcd,0xaf,0xc6,0xc9,0x2d,0x45,0x41,0x81,
0xf7,0x3c,0x4b,0xfc,0xe3,0xd3,0x95,0x63,0x98,0x2a,0xb8,0x9c,0xba,0xd7,0x72,0xd6,
0x0c,0x39,0x1d,0x6b,0xbe,0x59,0xfd,0xe6,0x29,0xc3,0xc3,0xb8,0xfc,0x63,0x2b,0x68,
0x8b,0xfd,0x80,0xac,0xa5,0x01,0xcc,0x0a,0xcd,0x84,0xe9,0xec,0x5d,0x5f,0x03,0xcf,
0x40,0xbf,0x5f,0xd5,0x82,0xe6,0xaa,0x30,0x0c,0x1e,0x8c,0xda,0xa6,0x3a,0x86,0x34,
0x33,0x00,0x00,0x00,0x00,0x00,0x00,0x00,0x00,0x00,0x00,0x00,0x00,0x00,0x00,0x00,
0x00,0x28,0x76,0xd9,0x52,0x57,0xdf,0x81,0x4d,0x99,0x07,0xff,0x48,0x03,0xcc,0xcc,
0xa0,0xdf,0xe4,0xf2,0x4f,0xc7,0x0c,0xcb,0xc4,0x64,0xf3,0xad,0x39,0xe0,0x15,0xbb,
0x6c,0xa9,0xab,0xef,0xc0,0xa6,0xcc,0x83,0x7f,0xa4,0x01,0x66,0x66,0xd0,0x6f,0x72,
0xf9,0xa7,0x63,0x86,0x65,0x62,0xb2,0xf9,0xd6,0x1c,0xf0,0x8a,0x5d,0xb6,0xd4,0xd5,
0x77,0x60,0x53,0xe6,0xc1,0x3f,0xd2,0x00,0x33,0x33,0xe8,0x37,0xb9,0xfc,0xd3,0x31,
0xc3,0x00,0x00,0x00,0x00,0x00,0x00,0x00,0x00,0x00,0x00,0x00,0x00,0x00,0x00,0x00,
0x00,0x60,0x06,0x97,0xed,0x0d,0xd5,0x37,0x0f,0xc3,0x12,0x59,0xb3,0x1a,0x67,0x67,
0x50,0x63,0xe3,0xda,0xb4,0x72,0x0a,0x55,0xdb,0x58,0xb5,0x50,0x50,0xd0,0x32,0x83,
0xcb,0xf6,0x86,0xea,0x9b,0x87,0x61,0x89,0xac,0x59,0x8d,0xb3,0x33,0xa8,0xb1,0x71,
0x6d,0x5a,0x39,0x85,0xaa,0x6d,0xac,0x5a,0x28,0x28,0x68,0x99,0xc1,0x65,0x7b,0x43,
0xf5,0xcd,0xc3,0xb0,0x44,0xd6,0xac,0xc6,0xd9,0x19,0xd4,0xd8,0xb8,0x36,0xad,0x9c,
0x42,0x01,0x00,0x00,0x00,0x00,0x00,0x00,0x00,0x00,0x00,0x00,0x00,0x00,0x00,0x00,
0x00,0x50,0x85,0xe9,0x7e,0xc6,0xea,0x2a,0x3c,0xef,0x01,0xca,0x7e,0xad,0x81,0xe7,
0x07,0x8f,0x51,0x7f,0x1a,0xcc,0x09,0xce,0xe9,0x57,0x4b,0xc1,0x56,0x48,0xab,0xc2,
0x74,0x3f,0x63,0x75,0x15,0x9e,0xf7,0x00,0x65,0xbf,0xd6,0xc0,0xf3,0x83,0xc7,0xa8,
0x3f,0x0d,0xe6,0x04,0xe7,0xf4,0xab,0xa5,0x60,0x2b,0xa4,0x55,0x61,0xba,0x9f,0xb1,
0xba,0x0a,0xcf,0x7b,0x80,0xb2,0x5f,0x6b,0xe0,0xf9,0xc1,0x63,0xd4,0x9f,0x06,0x73,
0x82,0x01,0x00,0x00,0x00,0x00,0x00,0x00,0x00,0x00,0x00,0x00,0x00,0x00,0x00,0x00,
0x00,0xc8,0xc4,0x64,0xf3,0xad,0x39,0xe0,0x15,0xbb,0x6c,0xa9,0xab,0xef,0xc0,0xa6,
0xcc,0x83,0x7f,0xa4,0x01,0x66,0x66,0xd0,0x6f,0x72,0xf9,0xa7,0x63,0x86,0x65,0x62,
0xb2,0xf9,0xd6,0x1c,0xf0,0x8a,0x5d,0xb6,0xd4,0xd5,0x77,0x60,0x53,0xe6,0xc1,0x3f,
0xd2,0x00,0x33,0x33,0xe8,0x37,0xb9,0xfc,0xd3,0x31,0xc3,0x32,0x31,0xd9,0x7c,0x6b,
0x0e,0x78,0xc5,0x2e,0x5b,0xea,0xea,0x3b,0xb0,0x29,0xf3,0xe0,0x1f,0x69,0x80,0x99,
0x19,0x00,0x00,0x00,0x00,0x00,0x00,0x00,0x00,0x00,0x00,0x00,0x00,0x00,0x00,0x00,
0x00,0x50,0xdb,0x58,0xb5,0x50,0x50,0xd0,0x32,0x83,0xcb,0xf6,0x86,0xea,0x9b,0x87,
0x61,0x89,0xac,0x59,0x8d,0xb3,0x33,0xa8,0xb1,0x71,0x6d,0x5a,0x39,0x85,0xaa,0x6d,
0xac,0x5a,0x28,0x28,0x68,0x99,0xc1,0x65,0x7b,0x43,0xf5,0xcd,0xc3,0xb0,0x44,0xd6,
0xac,0xc6,0xd9,0x19,0xd4,0xd8,0xb8,0x36,0xad,0x9c,0x42,0xd5,0x36,0x56,0x2d,0x14,
0x14,0xb4,0xcc,0xe0,0xb2,0xbd,0xa1,0xfa,0xe6,0x61,0x58,0x22,0x6b,0x56,0xe3,0xec,
0x0c,0x00,0x00,0x00,0x00,0x00,0x00,0x00,0x00,0x00,0x00,0x00,0x00,0x00,0x00,0x00,
0x00,0xc8,0xe9,0x57,0x4b,0xc1,0x56,0x48,0xab,0xc2,0x74,0x3f,0x63,0x75,0x15,0x9e,
0xf7,0x00,0x65,0xbf,0xd6,0xc0,0xf3,0x83,0xc7,0xa8,0x3f,0x0d,0xe6,0x04,0xe7,0xf4,
0xab,0xa5,0x60,0x2b,0xa4,0x55,0x61,0xba,0x9f,0xb1,0xba,0x0a,0xcf,0x7b,0x80,0xb2,
0x5f,0x6b,0xe0,0xf9,0xc1,0x63,0xd4,0x9f,0x06,0x73,0x82,0x73,0xfa,0xd5,0x52,0xb0,
0x15,0xd2,0xaa,0x30,0xdd,0xcf,0x58,0x5d,0x85,0xe7,0x3d,0x40,0xd9,0xaf,0x35,0xf0,
0xfc,0x00,0x00,0x00,0x00,0x00,0x00,0x00,0x00,0x00,0x00,0x00,0x00,0x00,0x00,0x00,
0x00,0x60,0x86,0xe9,0xf2,0x5d,0x50,0x48,0x67,0x62,0xac,0xa5,0xd0,0xb1,0x42,0x73,
0x9a,0x5c,0x9b,0x82,0xd9,0x0c,0x35,0x1e,0x75,0x1a,0x38,0x3b,0x3f,0x1e,0x64,0xed,
0xb5,0x03,0x1b,0xc6,0x03,0x52,0x07,0xd5,0x2a,0x14,0x9b,0xcb,0x3f,0xd3,0x1c,0x68,
0x55,0x31,0x59,0x2d,0xb0,0x95,0x61,0x6a,0xfb,0x2a,0xff,0x2a,0x97,0x60,0xfd,0x1a,
0xf7,0xd3,0x30,0x9b,0x01,0x3c,0xfe,0x61,0x35,0x03,0x4f,0xd9,0x12,0xca,0xae,0xef,
0x9b,0x01,0x00,0x00,0x00,0x00,0x00,0x00,0x00,0x00,0x00,0x00,0x00,0x00,0x00,0x00,
0x00,0x50,0xc5,0x64,0xb5,0xc0,0x56,0x86,0xa9,0xed,0xab,0xfc,0xab,0x5c,0x82,0xf5,
0x6b,0xdc,0x4f,0xc3,0x6c,0x06,0xf0,0xf8,0x87,0xd5,0x0c,0x3c,0x65,0x4b,0x28,0xbb,
0xbe,0x6f,0x7e,0x5e,0xd9,0xec,0xcd,0x6a,0xe0,0x31,0xc3,0x74,0xf9,0x2e,0x28,0xa4,
0x33,0x31,0xd6,0x52,0xe8,0x58,0xa1,0x39,0x4d,0xae,0x4d,0xc1,0x6c,0x86,0x1a,0x8f,
0x3a,0x0d,0x9c,0x9d,0x1f,0x0f,0xb2,0xf6,0xda,0x81,0x0d,0xe3,0x01,0xa9,0x83,0x6a,
0x15,0x00,0x00,0x00,0x00,0x00,0x00,0x00,0x00,0x00,0x00,0x00,0x00,0x00,0x00,0x00,
0x00,0xc8,0xc4,0x58,0x4b,0xa1,0x63,0x85,0xe6,0x34,0xb9,0x36,0x05,0xb3,0x19,0x6a,
0x3c,0xea,0x34,0x70,0x76,0x7e,0x3c,0xc8,0xda,0x6b,0x07,0x36,0x8c,0x07,0xa4,0x0e,
0xaa,0x55,0x28,0x36,0x97,0x7f,0xa6,0x39,0xd0,0xaa,0x62,0xb2,0x5a,0x60,0x2b,0xc3,
0xd4,0xf6,0x55,0xfe,0x55,0x2e,0xc1,0xfa,0x35,0xee,0xa7,0x61,0x36,0x03,0x78,0xfc,
0xc3,0x6a,0x06,0x9e,0xb2,0x25,0x94,0x5d,0xdf,0x37,0x3f,0xaf,0x6c,0xf6,0x66,0x35,
0xf0,0x00,0x00,0x00,0x00,0x00,0x00,0x00,0x00,0x00,0x00,0x00,0x00,0x00,0x00,0x00,
0x00,0x50,0xdb,0x57,0xf9,0x57,0xb9,0x04,0xeb,0xd7,0xb8,0x9f,0x86,0xd9,0x0c,0xe0,
0xf1,0x0f,0xab,0x19,0x78,0xca,0x96,0x50,0x76,0x7d,0xdf,0xfc,0xbc,0xb2,0xd9,0x9b,
0xd5,0xc0,0x63,0x86,0xe9,0xf2,0x5d,0x50,0x48,0x67,0x62,0xac,0xa5,0xd0,0xb1,0x42,
0x73,0x9a,0x5c,0x9b,0x82,0xd9,0x0c,0x35,0x1e,0x75,0x1a,0x38,0x3b,0x3f,0x1e,0x64,
0xed,0xb5,0x03,0x1b,0xc6,0x03,0x52,0x07,0xd5,0x2a,0x14,0x9b,0xcb,0x3f,0xd3,0x1c,
0x68,0x01,0x00,0x00,0x00,0x00,0x00,0x00,0x00,0x00,0x00,0x00,0x00,0x00,0x00,0x00,
0x00,0xc8,0x69,0x72,0x6d,0x0a,0x66,0x33,0xd4,0x78,0xd4,0x69,0xe0,0xec,0xfc,0x78,
0x90,0xb5,0xd7,0x0e,0x6c,0x18,0x0f,0x48,0x1d,0x54,0xab,0x50,0x6c,0x2e,0xff,0x4c,
0x73,0xa0,0x55,0xc5,0x64,0xb5,0xc0,0x56,0x86,0xa9,0xed,0xab,0xfc,0xab,0x5c,0x82,
0xf5,0x6b,0xdc,0x4f,0xc3,0x6c,0x06,0xf0,0xf8,0x87,0xd5,0x0c,0x3c,0x65,0x4b,0x28,
0xbb,0xbe,0x6f,0x7e,0x5e,0xd9,0xec,0xcd,0x6a,0xe0,0x31,0xc3,0x74,0xf9,0x2e,0x28,
0xa4,0x01,0x00,0x00,0x00,0x00,0x00,0x00,0x00,0x00,0x00,0x00,0x00,0x00,0x00,0x00,
0x00,0xd0,0xaf,0x71,0x3f,0x0d,0xb3,0x19,0xc0,0xe3,0x1f,0x56,0x33,0xf0,0x94,0x2d,
0xa1,0xec,0xfa,0xbe,0xf9,0x79,0x65,0xb3,0x37,0xab,0x81,0xc7,0x0c,0xd3,0xe5,0xbb,
0xa0,0x90,0xce,0xc4,0x58,0x4b,0xa1,0x63,0x85,0xe6,0x34,0xb9,0x36,0x05,0xb3,0x19,
0x6a,0x3c,0xea,0x34,0x70,0x76,0x7e,0x3c,0xc8,0xda,0x6b,0x07,0x36,0x8c,0x07,0xa4,
0x0e,0xaa,0x55,0x28,0x36,0x97,0x7f,0xa6,0x39,0xd0,0xaa,0x62,0xb2,0x5a,0x60,0x2b,
0xc3,0x00,0x00,0x00,0x00,0x00,0x00,0x00,0x00,0x00,0x00,0x00,0x00,0x00,0x00,0x00,
0x00,0x50,0xc5,0x58,0xf9,0x07,0xe6,0x19,0xf0,0x40,0xd9,0x50,0x05,0x9e,0x2a,0xc6,
0xca,0x3f,0x30,0xcf,0x80,0x07,0xca,0x86,0x2a,0xf0,0x54,0x31,0x56,0xfe,0x81,0x79,
0x06,0x3c,0x50,0x36,0x54,0x81,0xa7,0x8a,0xb1,0xf2,0x0f,0xcc,0x33,0xe0,0x81,0xb2,
0xa1,0x0a,0x3c,0x55,0x8c,0x95,0x7f,0x60,0x9e,0x01,0x0f,0x94,0x0d,0x55,0xe0,0xa9,
0x62,0xac,0xfc,0x03,0xf3,0x0c,0x78,0xa0,0x6c,0xa8,0x02,0x4f,0x15,0x63,0xe5,0x1f,
0x98,0x01,0x00,0x00,0x00,0x00,0x00,0x00,0x00,0x00,0x00,0x00,0x00,0x00,0x00,0x00,
0x00,0xc8,0xc4,0x57,0x6d,0x0a,0xb3,0xf9,0x59,0x22,0x75,0xac,0x06,0x6d,0x26,0xbe,
0x6a,0x53,0x98,0xcd,0xcf,0x12,0xa9,0x63,0x35,0x68,0x33,0xf1,0x55,0x9b,0xc2,0x6c,
0x7e,0x96,0x48,0x1d,0xab,0x41,0x9b,0x89,0xaf,0xda,0x14,0x66,0xf3,0xb3,0x44,0xea,
0x58,0x0d,0xda,0x4c,0x7c,0xd5,0xa6,0x30,0x9b,0x9f,0x25,0x52,0xc7,0x6a,0xd0,0x66,
0xe2,0xab,0x36,0x85,0xd9,0xfc,0x2c,0x91,0x3a,0x56,0x83,0x36,0x13,0x5f,0xb5,0x29,
0xcc,0x00,0x00,0x00,0x00,0x00,0x00,0x00,0x00,0x00,0x00,0x00,0x00,0x00,0x00,0x00,
0x00,0x50,0x5b,0x72,0x3f,0xcd,0xd9,0x29,0x3f,0xc0,0xde,0x9a,0x83,0xb4,0xda,0x92,
0xfb,0x69,0xce,0x4e,0xf9,0x01,0xf6,0xd6,0x1c,0xa4,0xd5,0x96,0xdc,0x4f,0x73,0x76,
0xca,0x0f,0xb0,0xb7,0xe6,0x20,0xad,0xb6,0xe4,0x7e,0x9a,0xb3,0x53,0x7e,0x80,0xbd,
0x35,0x07,0x69,0xb5,0x25,0xf7,0xd3,0x9c,0x9d,0xf2,0x03,0xec,0xad,0x39,0x48,0xab,
0x2d,0xb9,0x9f,0xe6,0xec,0x94,0x1f,0x60,0x6f,0xcd,0x41,0x5a,0x6d,0xc9,0xfd,0x34,
0x67,0x01,0x00,0x00,0x00,0x00,0x00,0x00,0x00,0x00,0x00,0x00,0x00,0x00,0x00,0x00,
0x00,0xc8,0xa9,0x71,0xd3,0x60,0xe0,0x61,0x94,0xed,0x67,0x05,0x65,0x58,0x4e,0x8d,
0x9b,0x06,0x03,0x0f,0xa3,0x6c,0x3f,0x2b,0x28,0xc3,0x72,0x6a,0xdc,0x34,0x18,0x78,
0x18,0x65,0xfb,0x59,0x41,0x19,0x96,0x53,0xe3,0xa6,0xc1,0xc0,0xc3,0x28,0xdb,0xcf,
0x0a,0xca,0xb0,0x9c,0x1a,0x37,0x0d,0x06,0x1e,0x46,0xd9,0x7e,0x56,0x50,0x86,0xe5,
0xd4,0xb8,0x69,0x30,0xf0,0x30,0xca,0xf6,0xb3,0x82,0x32,0x2c,0xa7,0xc6,0x4d,0x83,
0x81,0x01,0x00,0x00,0x00,0x00,0x00,0x00,0x00,0x00,0x00,0x00,0x00,0x00,0x00,0x00,
0x00,0xd0,0xef,0xa8,0xad,0x36,0xb0,0xe7,0x71,0x39,0xdf,0x6c,0x55,0xa8,0x7e,0x47,
0x6d,0xb5,0x81,0x3d,0x8f,0xcb,0xf9,0x66,0xab,0x42,0xf5,0x3b,0x6a,0xab,0x0d,0xec,
0x79,0x5c,0xce,0x37,0x5b,0x15,0xaa,0xdf,0x51,0x5b,0x6d,0x60,0xcf,0xe3,0x72,0xbe,
0xd9,0xaa,0x50,0xfd,0x8e,0xda,0x6a,0x03,0x7b,0x1e,0x97,0xf3,0xcd,0x56,0x85,0xea,
0x77,0xd4,0x56,0x1b,0xd8,0xf3,0xb8,0x9c,0x6f,0xb6,0x2a,0x54,0xbf,0xa3,0xb6,0xda,
0xc0,0x00,0x00,0x00,0x00,0x00,0x00,0x00,0x00,0x00,0x00,0x00,0x00,0x00,0x00,0x00,
0x00,0xa8,0xf1,0x3f,0x5e,0xfb,0xe6,0x62,0x9b,0x4e,0x0b,0x3a,0x4e,0x70,0x8d,0xff,
0xf1,0xda,0x37,0x17,0xdb,0x74,0x5a,0xd0,0x71,0x82,0x6b,0xfc,0x8f,0xd7,0xbe,0xb9,
0xd8,0xa6,0xd3,0x82,0x8e,0x13,0x5c,0xe3,0x7f,0xbc,0xf6,0xcd,0xc5,0x36,0x9d,0x16,
0x74,0x9c,0xe0,0x1a,0xff,0xe3,0xb5,0x6f,0x2e,0xb6,0xe9,0xb4,0xa0,0xe3,0x04,0xd7,
0xf8,0x1f,0xaf,0x7d,0x73,0xb1,0x4d,0xa7,0x05,0x1d,0x27,0xb8,0xc6,0xff,0x78,0xed,
0x9b,0x01,0x00,0x00,0x00,0x00,0x00,0x00,0x00,0x00,0x00,0x00,0x00,0x00,0x00,0x00,
0x00,0xc8,0x44,0x72,0xd3,0x30,0xb0,0x62,0x4f,0x96,0x7f,0x30,0x9b,0x72,0xd9,0xf2,
0xad,0x63,0x33,0xf0,0x20,0x75,0x9a,0x63,0x98,0x7e,0xff,0x51,0x5f,0xe0,0x65,0x22,
0xb9,0x69,0x18,0x58,0xb1,0x27,0xcb,0x3f,0x98,0x4d,0xb9,0x6c,0xf9,0xd6,0xb1,0x19,
0x78,0x90,0x3a,0xcd,0x31,0x4c,0xbf,0xff,0xa8,0x2f,0xf0,0x32,0x91,0xdc,0x34,0x0c,
0xac,0xd8,0x93,0xe5,0x1f,0xcc,0xa6,0x5c,0xb6,0x7c,0xeb,0xd8,0x0c,0x3c,0x48,0x9d,
0xe6,0x00,0x00,0x00,0x00,0x00,0x00,0x00,0x00,0x00,0x00,0x00,0x00,0x00,0x00,0x00,
0x00,0x50,0x9b,0x71,0xad,0xf6,0x66,0x66,0x8c,0xd5,0xa6,0x9c,0x1d,0x06,0x97,0xb5,
0x50,0xb9,0x19,0x58,0xc2,0xde,0x05,0x55,0x68,0x8d,0xb3,0x06,0x55,0xd0,0xaa,0xcd,
0xb8,0x56,0x7b,0x33,0x33,0xc6,0x6a,0x53,0xce,0x0e,0x83,0xcb,0x5a,0xa8,0xdc,0x0c,
0x2c,0x61,0xef,0x82,0x2a,0xb4,0xc6,0x59,0x83,0x2a,0x68,0xd5,0x66,0x5c,0xab,0xbd,
0x99,0x19,0x63,0xb5,0x29,0x67,0x87,0xc1,0x65,0x2d,0x54,0x6e,0x06,0x96,0xb0,0x77,
0x41,0x01,0x00,0x00,0x00,0x00,0x00,0x00,0x00,0x00,0x00,0x00,0x00,0x00,0x00,0x00,
0x00,0xc8,0xe9,0xa8,0x5f,0x5b,0x05,0x55,0x7c,0xf5,0xd3,0x06,0x7e,0x9e,0xe9,0x4a,
0x01,0xe6,0xf9,0x3d,0xe0,0x67,0x6c,0x4d,0x30,0x3c,0x94,0xcd,0x6a,0x48,0xe7,0x74,
0xd4,0xaf,0xad,0x82,0x2a,0xbe,0xfa,0x69,0x03,0x3f,0xcf,0x74,0xa5,0x00,0xf3,0xfc,
0x1e,0xf0,0x33,0xb6,0x26,0x18,0x1e,0xca,0x66,0x35,0xa4,0x73,0x3a,0xea,0xd7,0x56,
0x41,0x15,0x5f,0xfd,0xb4,0x81,0x9f,0x67,0xba,0x52,0x80,0x79,0x7e,0x0f,0xf8,0x19,
0x5b,0x01,0x00,0x00,0x00,0x00,0x00,0x00,0x00,0x00,0x00,0x00,0x00,0x00,0x00,0x00,
0x00,0xd0,0xef,0x3f,0xea,0x0b,0xbc,0x4c,0x24,0x37,0x0d,0x03,0x2b,0xf6,0x64,0xf9,
0x07,0xb3,0x29,0x97,0x2d,0xdf,0x3a,0x36,0x03,0x0f,0x52,0xa7,0x39,0x86,0xe9,0xf7,
0x1f,0xf5,0x05,0x5e,0x26,0x92,0x9b,0x86,0x81,0x15,0x7b,0xb2,0xfc,0x83,0xd9,0x94,
0xcb,0x96,0x6f,0x1d,0x9b,0x81,0x07,0xa9,0xd3,0x1c,0xc3,0xf4,0xfb,0x8f,0xfa,0x02,
0x2f,0x13,0xc9,0x4d,0xc3,0xc0,0x8a,0x3d,0x59,0xfe,0xc1,0x6c,0xca,0x65,0xcb,0xb7,
0x8e,0x01,0x00,0x00,0x00,0x00,0x00,0x00,0x00,0x00,0x00,0x00,0x00,0x00,0x00,0x00,
0x00,0xa8,0x71,0xd6,0xa0,0x0a,0x5a,0xb5,0x19,0xd7,0x6a,0x6f,0x66,0xc6,0x58,0x6d,
0xca,0xd9,0x61,0x70,0x59,0x0b,0x95,0x9b,0x81,0x25,0xec,0x5d,0x50,0x85,0xd6,0x38,
0x6b,0x50,0x05,0xad,0xda,0x8c,0x6b,0xb5,0x37,0x33,0x63,0xac,0x36,0xe5,0xec,0x30,
0xb8,0xac,0x85,0xca,0xcd,0xc0,0x12,0xf6,0x2e,0xa8,0x42,0x6b,0x9c,0x35,0xa8,0x82,
0x56,0x6d,0xc6,0xb5,0xda,0x9b,0x99,0x31,0x56,0x9b,0x72,0x76,0x18,0x5c,0xd6,0x42,
0xe5,0x00,0x00,0x00,0x00,0x00,0x00,0x00,0x00,0x00,0x00,0x00,0x00,0x00,0x00,0x00,
0x00,0x80,0x87,0xb2,0x59,0x0d,0xe9,0x9c,0x8e,0xfa,0xb5,0x55,0x50,0xc5,0x57,0x3f,
0x6d,0xe0,0xe7,0x99,0xae,0x14,0x60,0x9e,0xdf,0x03,0x7e,0xc6,0xd6,0x04,0xc3,0x43,
0xd9,0xac,0x86,0x74,0x4e,0x47,0xfd,0xda,0x2a,0xa8,0xe2,0xab,0x9f,0x36,0xf0,0xf3,
0x4c,0x57,0x0a,0x30,0xcf,0xef,0x01,0x3f,0x63,0x6b,0x82,0xe1,0xa1,0x6c,0x56,0x43,
0x3a,0xa7,0xa3,0x7e,0x6d,0x15,0x54,0xf1,0xd5,0x4f,0x1b,0xf8,0x79,0xa6,0x2b,0x05,
0x98,0x01,0x00,0x00,0x00,0x00,0x00,0x00,0x00,0x00,0x00,0x00,0x00,0x00,0x00,0x00,
0x00,0x50,0xdb,0xa8,0xeb,0x0b,0xda,0x9c,0xfe,0x03,0xaa,0x90,0xd6,0x6f,0xd6,0x58,
0xcd,0xb0,0x1a,0x2b,0x5b,0x73,0x0a,0x85,0x47,0xea,0x0a,0x9a,0x60,0x1e,0xd8,0x9b,
0xad,0x66,0xb0,0xc4,0xcf,0x74,0x3c,0x83,0x07,0xe4,0xbb,0x72,0xf3,0x2b,0x9b,0x16,
0xc0,0x3c,0x65,0x2e,0x97,0x02,0x66,0xc3,0x30,0x1d,0xff,0x38,0xfb,0xbc,0xc9,0xda,
0xd4,0xc0,0xc5,0x1e,0xeb,0xa7,0x07,0xc6,0x8c,0xaf,0xa6,0xe1,0xcd,0xaa,0x48,0xae,
0xd5,0x00,0x00,0x00,0x00,0x00,0x00,0x00,0x00,0x00,0x00,0x00,0x00,0x00,0x00,0x00,
0x00,0xc8,0xe9,0x3f,0xa0,0x0a,0x69,0xfd,0x66,0x8d,0xd5,0x0c,0xab,0xb1,0xb2,0x35,
0xa7,0x50,0x78,0xa4,0xae,0xa0,0x09,0xe6,0x81,0xbd,0xd9,0x6a,0x06,0x4b,0xfc,0x4c,
0xc7,0x33,0x78,0x40,0xbe,0x2b,0x37,0xbf,0xb2,0x69,0x01,0xcc,0x53,0xe6,0x72,0x29,
0x60,0x36,0x0c,0xd3,0xf1,0x8f,0xb3,0xcf,0x9b,0xac,0x4d,0x0d,0x5c,0xec,0xb1,0x7e,
0x7a,0x60,0xcc,0xf8,0x6a,0x1a,0xde,0xac,0x8a,0xe4,0x5a,0xad,0x0a,0x99,0x30,0xee,
0x6b,0x01,0x00,0x00,0x00,0x00,0x00,0x00,0x00,0x00,0x00,0x00,0x00,0x00,0x00,0x00,
0x00,0xd0,0x6f,0xd6,0x58,0xcd,0xb0,0x1a,0x2b,0x5b,0x73,0x0a,0x85,0x47,0xea,0x0a,
0x9a,0x60,0x1e,0xd8,0x9b,0xad,0x66,0xb0,0xc4,0xcf,0x74,0x3c,0x83,0x07,0xe4,0xbb,
0x72,0xf3,0x2b,0x9b,0x16,0xc0,0x3c,0x65,0x2e,0x97,0x02,0x66,0xc3,0x30,0x1d,0xff,
0x38,0xfb,0xbc,0xc9,0xda,0xd4,0xc0,0xc5,0x1e,0xeb,0xa7,0x07,0xc6,0x8c,0xaf,0xa6,
0xe1,0xcd,0xaa,0x48,0xae,0xd5,0xaa,0x90,0x09,0xe3,0xbe,0x16,0x78,0x6a,0x1b,0x75,
0x7d,0x01,0x00,0x00,0x00,0x00,0x00,0x00,0x00,0x00,0x00,0x00,0x00,0x00,0x00,0x00,
0x00,0xa8,0xb1,0xb2,0x35,0xa7,0x50,0x78,0xa4,0xae,0xa0,0x09,0xe6,0x81,0xbd,0xd9,
0x6a,0x06,0x4b,0xfc,0x4c,0xc7,0x33,0x78,0x40,0xbe,0x2b,0x37,0xbf,0xb2,0x69,0x01,
0xcc,0x53,0xe6,0x72,0x29,0x60,0x36,0x0c,0xd3,0xf1,0x8f,0xb3,0xcf,0x9b,0xac,0x4d,
0x0d,0x5c,0xec,0xb1,0x7e,0x7a,0x60,0xcc,0xf8,0x6a,0x1a,0xde,0xac,0x8a,0xe4,0x5a,
0xad,0x0a,0x99,0x30,0xee,0x6b,0x81,0xa7,0xb6,0x51,0xd7,0x17,0xb4,0x39,0xfd,0x07,
0x54,0x01,0x00,0x00,0x00,0x00,0x00,0x00,0x00,0x00,0x00,0x00,0x00,0x00,0x00,0x00,
0x00,0x80,0x47,0xea,0x0a,0x9a,0x60,0x1e,0xd8,0x9b,0xad,0x66,0xb0,0xc4,0xcf,0x74,
0x3c,0x83,0x07,0xe4,0xbb,0x72,0xf3,0x2b,0x9b,0x16,0xc0,0x3c,0x65,0x2e,0x97,0x02,
0x66,0xc3,0x30,0x1d,0xff,0x38,0xfb,0xbc,0xc9,0xda,0xd4,0xc0,0xc5,0x1e,0xeb,0xa7,
0x07,0xc6,0x8c,0xaf,0xa6,0xe1,0xcd,0xaa,0x48,0xae,0xd5,0xaa,0x90,0x09,0xe3,0xbe,
0x16,0x78,0x6a,0x1b,0x75,0x7d,0x41,0x9b,0xd3,0x7f,0x40,0x15,0xd2,0xfa,0xcd,0x1a,
0xab,0x01,0x00,0x00,0x00,0x00,0x00,0x00,0x00,0x00,0x00,0x00,0x00,0x00,0x00,0x00,
0x00,0xe0,0x81,0xbd,0xd9,0x6a,0x06,0x4b,0xfc,0x4c,0xc7,0x33,0x78,0x40,0xbe,0x2b,
0x37,0xbf,0xb2,0x69,0x01,0xcc,0x53,0xe6,0x72,0x29,0x60,0x36,0x0c,0xd3,0xf1,0x8f,
0xb3,0xcf,0x9b,0xac,0x4d,0x0d,0x5c,0xec,0xb1,0x7e,0x7a,0x60,0xcc,0xf8,0x6a,0x1a,
0xde,0xac,0x8a,0xe4,0x5a,0xad,0x0a,0x99,0x30,0xee,0x6b,0x81,0xa7,0xb6,0x51,0xd7,
0x17,0xb4,0x39,0xfd,0x07,0x54,0x21,0xad,0xdf,0xac,0xb1,0x9a,0x61,0x35,0x56,0xb6,
0xe6,0x00,0x00,0x00,0x00,0x00,0x00,0x00,0x00,0x00,0x00,0x00,0x00,0x00,0x00,0x00,
0x00,0xc8,0x69,0xd6,0x34,0x97,0x60,0x4b,0xe4,0x1b,0xcc,0xc3,0x98,0xec,0xa7,0xdf,
0x9c,0x89,0x51,0x43,0x95,0x61,0xf0,0xb0,0xb7,0x8e,0xe7,0xc7,0x65,0xfe,0x19,0x98,
0x19,0xc9,0x7d,0x2d,0x68,0xf5,0xab,0xec,0x82,0x9a,0xe1,0x01,0x5a,0x80,0xd9,0xf3,
0xc6,0x9a,0x86,0x2a,0xa8,0xed,0x1f,0xac,0x56,0x28,0x0f,0x7e,0x56,0xb9,0x29,0x9b,
0xce,0xa6,0x03,0x53,0x85,0x71,0xeb,0x0b,0xe9,0x1a,0xa7,0x8e,0xad,0x33,0x28,0x5b,
0x29,0x00,0x00,0x00,0x00,0x00,0x00,0x00,0x00,0x00,0x00,0x00,0x00,0x00,0x00,0x00,
0x00,0xd0,0xaf,0xb2,0x0b,0x6a,0x86,0x07,0x68,0x01,0x66,0xcf,0x1b,0x6b,0x1a,0xaa,
0xa0,0xb6,0x7f,0xb0,0x5a,0xa1,0x3c,0xf8,0x59,0xe5,0xa6,0x6c,0x3a,0x9b,0x0e,0x4c,
0x15,0xc6,0xad,0x2f,0xa4,0x6b,0x9c,0x3a,0xb6,0xce,0xa0,0x6c,0xa5,0xe0,0x6c,0xb1,
0xbf,0x6a,0x35,0xe0,0xe5,0x34,0x6b,0x9a,0x4b,0xb0,0x25,0xf2,0x0d,0xe6,0x61,0x4c,
0xf6,0xd3,0x6f,0xce,0xc4,0xa8,0xa1,0xca,0x30,0x78,0xd8,0x5b,0xc7,0xf3,0xe3,0x32,
0xff,0x00,0x00,0x00,0x00,0x00,0x00,0x00,0x00,0x00,0x00,0x00,0x00,0x00,0x00,0x00,
0x00,0xa8,0x71,0xea,0xd8,0x3a,0x83,0xb2,0x95,0x82,0xb3,0xc5,0xfe,0xaa,0xd5,0x80,
0x97,0xd3,0xac,0x69,0x2e,0xc1,0x96,0xc8,0x37,0x98,0x87,0x31,0xd9,0x4f,0xbf,0x39,
0x13,0xa3,0x86,0x2a,0xc3,0xe0,0x61,0x6f,0x1d,0xcf,0x8f,0xcb,0xfc,0x33,0x30,0x33,
0x92,0xfb,0x5a,0xd0,0xea,0x57,0xd9,0x05,0x35,0xc3,0x03,0xb4,0x00,0xb3,0xe7,0x8d,
0x35,0x0d,0x55,0x50,0xdb,0x3f,0x58,0xad,0x50,0x1e,0xfc,0xac,0x72,0x53,0x36,0x9d,
0x4d,0x01,0x00,0x00,0x00,0x00,0x00,0x00,0x00,0x00,0x00,0x00,0x00,0x00,0x00,0x00,
0x00,0x80,0x87,0xbd,0x75,0x3c,0x3f,0x2e,0xf3,0xcf,0xc0,0xcc,0x48,0xee,0x6b,0x41,
0xab,0x5f,0x65,0x17,0xd4,0x0c,0x0f,0xd0,0x02,0xcc,0x9e,0x37,0xd6,0x34,0x54,0x41,
0x6d,0xff,0x60,0xb5,0x42,0x79,0xf0,0xb3,0xca,0x4d,0xd9,0x74,0x36,0x1d,0x98,0x2a,
0x8c,0x5b,0x5f,0x48,0xd7,0x38,0x75,0x6c,0x9d,0x41,0xd9,0x4a,0xc1,0xd9,0x62,0x7f,
0xd5,0x6a,0xc0,0xcb,0x69,0xd6,0x34,0x97,0x60,0x4b,0xe4,0x1b,0xcc,0xc3,0x98,0xec,
0xa7,0x01,0x00,0x00,0x00,0x00,0x00,0x00,0x00,0x00,0x00,0x00,0x00,0x00,0x00,0x00,
0x00,0xe0,0xc1,0xcf,0x2a,0x37,0x65,0xd3,0xd9,0x74,0x60,0xaa,0x30,0x6e,0x7d,0x21,
0x5d,0xe3,0xd4,0xb1,0x75,0x06,0x65,0x2b,0x05,0x67,0x8b,0xfd,0x55,0xab,0x01,0x2f,
0xa7,0x59,0xd3,0x5c,0x82,0x2d,0x91,0x6f,0x30,0x0f,0x63,0xb2,0x9f,0x7e,0x73,0x26,
0x46,0x0d,0x55,0x86,0xc1,0xc3,0xde,0x3a,0x9e,0x1f,0x97,0xf9,0x67,0x60,0x66,0x24,
0xf7,0xb5,0xa0,0xd5,0xaf,0xb2,0x0b,0x6a,0x86,0x07,0x68,0x01,0x66,0xcf,0x1b,0x6b,
0x1a,0x00,0x00,0x00,0x00,0x00,0x00,0x00,0x00,0x00,0x00,0x00,0x00,0x00,0x00,0x00,
0x00,0xb0,0x44,0xbe,0xc1,0x3c,0x8c,0xc9,0x7e,0xfa,0xcd,0x99,0x18,0x35,0x54,0x19,
0x06,0x0f,0x7b,0xeb,0x78,0x7e,0x5c,0xe6,0x9f,0x81,0x99,0x91,0xdc,0xd7,0x82,0x56,
0xbf,0xca,0x2e,0xa8,0x19,0x1e,0xa0,0x05,0x98,0x3d,0x6f,0xac,0x69,0xa8,0x82,0xda,
0xfe,0xc1,0x6a,0x85,0xf2,0xe0,0x67,0x95,0x9b,0xb2,0xe9,0x6c,0x3a,0x30,0x55,0x18,
0xb7,0xbe,0x90,0xae,0x71,0xea,0xd8,0x3a,0x83,0xb2,0x95,0x82,0xb3,0xc5,0xfe,0xaa,
0xd5,0x00,0x00,0x00,0x00,0x00,0x00,0x00,0x00,0x00,0x00,0x00,0x00,0x00,0x00,0x00,
0x00,0xd0,0x6f,0xea,0x74,0x3c,0xe5,0xc9,0xa6,0x01,0x78,0xfa,0x4d,0x9d,0x8e,0xa7,
0x3c,0xd9,0x34,0x00,0x4f,0xbf,0xa9,0xd3,0xf1,0x94,0x27,0x9b,0x06,0xe0,0xe9,0x37,
0x75,0x3a,0x9e,0xf2,0x64,0xd3,0x00,0x3c,0xfd,0xa6,0x4e,0xc7,0x53,0x9e,0x6c,0x1a,
0x80,0xa7,0xdf,0xd4,0xe9,0x78,0xca,0x93,0x4d,0x03,0xf0,0xf4,0x9b,0x3a,0x1d,0x4f,
0x79,0xb2,0x69,0x00,0x9e,0x7e,0x53,0xa7,0xe3,0x29,0x4f,0x36,0x0d,0xc0,0xd3,0x6f,
0xea,0x00,0x00,0x00,0x00,0x00,0x00,0x00,0x00,0x00,0x00,0x00,0x00,0x00,0x00,0x00,
0x00,0xa8,0xb1,0xbd,0x2b,0x37,0x8c,0xb1,0x5a,0x0d,0xb4,0x35,0xb6,0x77,0xe5,0x86,
0x31,0x56,0xab,0x81,0xb6,0xc6,0xf6,0xae,0xdc,0x30,0xc6,0x6a,0x35,0xd0,0xd6,0xd8,
0xde,0x95,0x1b,0xc6,0x58,0xad,0x06,0xda,0x1a,0xdb,0xbb,0x72,0xc3,0x18,0xab,0xd5,
0x40,0x5b,0x63,0x7b,0x57,0x6e,0x18,0x63,0xb5,0x1a,0x68,0x6b,0x6c,0xef,0xca,0x0d,
0x63,0xac,0x56,0x03,0x6d,0x8d,0xed,0x5d,0xb9,0x61,0x8c,0xd5,0x6a,0xa0,0xad,0xb1,
0xbd,0x01,0x00,0x00,0x00,0x00,0x00,0x00,0x00,0x00,0x00,0x00,0x00,0x00,0x00,0x00,
0x00,0x80,0xc7,0xcf,0xc0,0xfc,0xbc,0xaf,0xbe,0x16,0xd2,0xf0,0xf8,0x19,0x98,0x9f,
0xf7,0xd5,0xd7,0x42,0x1a,0x1e,0x3f,0x03,0xf3,0xf3,0xbe,0xfa,0x5a,0x48,0xc3,0xe3,
0x67,0x60,0x7e,0xde,0x57,0x5f,0x0b,0x69,0x78,0xfc,0x0c,0xcc,0xcf,0xfb,0xea,0x6b,
0x21,0x0d,0x8f,0x9f,0x81,0xf9,0x79,0x5f,0x7d,0x2d,0xa4,0xe1,0xf1,0x33,0x30,0x3f,
0xef,0xab,0xaf,0x85,0x34,0x3c,0x7e,0x06,0xe6,0xe7,0x7d,0xf5,0xb5,0x90,0x86,0xc7,
0xcf,0x00,0x00,0x00,0x00,0x00,0x00,0x00,0x00,0x00,0x00,0x00,0x00,0x00,0x00,0x00,
0x00,0xe0,0x41,0xbe,0x61,0x56,0xec,0xe4,0xd6,0x97,0x61,0x3c,0xc8,0x37,0xcc,0x8a,
0x9d,0xdc,0xfa,0x32,0x8c,0x07,0xf9,0x86,0x59,0xb1,0x93,0x5b,0x5f,0x86,0xf1,0x20,
0xdf,0x30,0x2b,0x76,0x72,0xeb,0xcb,0x30,0x1e,0xe4,0x1b,0x66,0xc5,0x4e,0x6e,0x7d,
0x19,0xc6,0x83,0x7c,0xc3,0xac,0xd8,0xc9,0xad,0x2f,0xc3,0x78,0x90,0x6f,0x98,0x15,
0x3b,0xb9,0xf5,0x65,0x18,0x0f,0xf2,0x0d,0xb3,0x62,0x27,0xb7,0xbe,0x0c,0xe3,0x41,
0xbe,0x01,0x00,0x00,0x00,0x00,0x00,0x00,0x00,0x00,0x00,0x00,0x00,0x00,0x00,0x00,
0x00,0xb0,0x84,0x16,0x38,0xcb,0x0c,0xe3,0x42,0x55,0xa1,0x96,0xd0,0x02,0x67,0x99,
0x61,0x5c,0xa8,0x2a,0xd4,0x12,0x5a,0xe0,0x2c,0x33,0x8c,0x0b,0x55,0x85,0x5a,0x42,
0x0b,0x9c,0x65,0x86,0x71,0xa1,0xaa,0x50,0x4b,0x68,0x81,0xb3,0xcc,0x30,0x2e,0x54,
0x15,0x6a,0x09,0x2d,0x70,0x96,0x19,0xc6,0x85,0xaa,0x42,0x2d,0xa1,0x05,0xce,0x32,
0xc3,0xb8,0x50,0x55,0xa8,0x25,0xb4,0xc0,0x59,0x66,0x18,0x17,0xaa,0x0a,0xb5,0x84,
0x16,0x00,0x00,0x00,0x00,0x00,0x00,0x00,0x00,0x00,0x00,0x00,0x00,0x00,0x00,0x00,
0x00,0x78,0x40,0x29,0x0c,0xac,0x8a,0x51,0xb3,0x3a,0xc1,0x0f,0x28,0x85,0x81,0x55,
0x31,0x6a,0x56,0x27,0xf8,0x01,0xa5,0x30,0xb0,0x2a,0x46,0xcd,0xea,0x04,0x3f,0xa0,
0x14,0x06,0x56,0xc5,0xa8,0x59,0x9d,0xe0,0x07,0x94,0xc2,0xc0,0xaa,0x18,0x35,0xab,
0x13,0xfc,0x80,0x52,0x18,0x58,0x15,0xa3,0x66,0x75,0x82,0x1f,0x50,0x0a,0x03,0xab,
0x62,0xd4,0xac,0x4e,0xf0,0x03,0x4a,0x61,0x60,0x55,0x8c,0x9a,0xd5,0x09,0x7e,0x40,
0x29,0x00,0x00,0x00,0x00,0x00,0x00,0x00,0x00,0x00,0x00,0x00,0x00,0x00,0x00,0x00,
0x00,0xa8,0xf1,0xcf,0x60,0xc6,0x8c,0x51,0x6b,0x6e,0x06,0xa6,0x4b,0x03,0x68,0xe1,
0x91,0x6f,0xce,0xaa,0xe2,0x1f,0x05,0x9d,0xdf,0x64,0xad,0x06,0x69,0x1e,0x68,0xc1,
0xc0,0x99,0xc8,0x1a,0x5b,0xa7,0x3c,0xd6,0xd7,0x32,0xcc,0x12,0xa5,0x18,0x98,0xda,
0x94,0xad,0xe3,0x61,0x7c,0xb5,0xbe,0x0a,0x7d,0x00,0xff,0xde,0x9c,0xd3,0xd4,0x55,
0xee,0x79,0xc9,0x85,0x6a,0x82,0xcb,0x66,0xd3,0x2a,0xe8,0xd7,0xde,0x60,0x2e,0xb6,
0x71,0x01,0x00,0x00,0x00,0x00,0x00,0x00,0x00,0x00,0x00,0x00,0x00,0x00,0x00,0x00,
0x00,0x80,0x47,0xbe,0x39,0xab,0x8a,0x7f,0x14,0x74,0x7e,0x93,0xb5,0x1a,0xa4,0x79,
0xa0,0x05,0x03,0x67,0x22,0x6b,0x6c,0x9d,0xf2,0x58,0x5f,0xcb,0x30,0x4b,0x94,0x62,
0x60,0x6a,0x53,0xb6,0x8e,0x87,0xf1,0xd5,0xfa,0x2a,0xf4,0x01,0xfc,0x7b,0x73,0x4e,
0x53,0x57,0xb9,0xe7,0x25,0x17,0xaa,0x09,0x2e,0x9b,0x4d,0xab,0xa0,0x5f,0x7b,0x83,
0xb9,0xd8,0xc6,0x65,0xb5,0x19,0xb8,0xfc,0x69,0xe0,0xd5,0xf8,0x67,0x30,0x63,0xc6,
0xa8,0x01,0x00,0x00,0x00,0x00,0x00,0x00,0x00,0x00,0x00,0x00,0x00,0x00,0x00,0x00,
0x00,0xe0,0x81,0x16,0x0c,0x9c,0x89,0xac,0xb1,0x75,0xca,0x63,0x7d,0x2d,0xc3,0x2c,
0x51,0x8a,0x81,0xa9,0x4d,0xd9,0x3a,0x1e,0xc6,0x57,0xeb,0xab,0xd0,0x07,0xf0,0xef,
0xcd,0x39,0x4d,0x5d,0xe5,0x9e,0x97,0x5c,0xa8,0x26,0xb8,0x6c,0x36,0xad,0x82,0x7e,
0xed,0x0d,0xe6,0x62,0x1b,0x97,0xd5,0x66,0xe0,0xf2,0xa7,0x81,0x57,0xe3,0x9f,0xc1,
0x8c,0x19,0xa3,0xd6,0xdc,0x0c,0x4c,0x97,0x06,0xd0,0xc2,0x23,0xdf,0x9c,0x55,0xc5,
0x3f,0x00,0x00,0x00,0x00,0x00,0x00,0x00,0x00,0x00,0x00,0x00,0x00,0x00,0x00,0x00,
0x00,0xb0,0x44,0x29,0x06,0xa6,0x36,0x65,0xeb,0x78,0x18,0x5f,0xad,0xaf,0x42,0x1f,
0xc0,0xbf,0x37,0xe7,0x34,0x75,0x95,0x7b,0x5e,0x72,0xa1,0x9a,0xe0,0xb2,0xd9,0xb4,
0x0a,0xfa,0xb5,0x37,0x98,0x8b,0x6d,0x5c,0x56,0x9b,0x81,0xcb,0x9f,0x06,0x5e,0x8d,
0x7f,0x06,0x33,0x66,0x8c,0x5a,0x73,0x33,0x30,0x5d,0x1a,0x40,0x0b,0x8f,0x7c,0x73,
0x56,0x15,0xff,0x28,0xe8,0xfc,0x26,0x6b,0x35,0x48,0xf3,0x40,0x0b,0x06,0xce,0x44,
0xd6,0x00,0x00,0x00,0x00,0x00,0x00,0x00,0x00,0x00,0x00,0x00,0x00,0x00,0x00,0x00,
0x00,0x78,0x00,0xff,0xde,0x9c,0xd3,0xd4,0x55,0xee,0x79,0xc9,0x85,0x6a,0x82,0xcb,
0x66,0xd3,0x2a,0xe8,0xd7,0xde,0x60,0x2e,0xb6,0x71,0x59,0x6d,0x06,0x2e,0x7f,0x1a,
0x78,0x35,0xfe,0x19,0xcc,0x98,0x31,0x6a,0xcd,0xcd,0xc0,0x74,0x69,0x00,0x2d,0x3c,
0xf2,0xcd,0x59,0x55,0xfc,0xa3,0xa0,0xf3,0x9b,0xac,0xd5,0x20,0xcd,0x03,0x2d,0x18,
0x38,0x13,0x59,0x63,0xeb,0x94,0xc7,0xfa,0x5a,0x86,0x59,0xa2,0x14,0x03,0x53,0x9b,
0xb2,0x01,0x00,0x00,0x00,0x00,0x00,0x00,0x00,0x00,0x00,0x00,0x00,0x00,0x00,0x00,
0x00,0x28,0x9b,0x4d,0xab,0xa0,0x5f,0x7b,0x83,0xb9,0xd8,0xc6,0x65,0xb5,0x19,0xb8,
0xfc,0x69,0xe0,0xd5,0xf8,0x67,0x30,0x63,0xc6,0xa8,0x35,0x37,0x03,0xd3,0xa5,0x01,
0xb4,0xf0,0xc8,0x37,0x67,0x55,0xf1,0x8f,0x82,0xce,0x6f,0xb2,0x56,0x83,0x34,0x0f,
0xb4,0x60,0xe0,0x4c,0x64,0x8d,0xad,0x53,0x1e,0xeb,0x6b,0x19,0x66,0x89,0x52,0x0c,
0x4c,0x6d,0xca,0xd6,0xf1,0x30,0xbe,0x5a,0x5f,0x85,0x3e,0x80,0x7f,0x6f,0xce,0x69,
0xea,0x00,0x00,0x00,0x00,0x00,0x00,0x00,0x00,0x00,0x00,0x00,0x00,0x00,0x00,0x00,
0x00,0x80,0x87,0x16,0x06,0x96,0x53,0x7b,0xc3,0x4c,0x15,0x59,0xd3,0xf1,0xf3,0x8c,
0xab,0xb9,0xf9,0x8d,0xb5,0xbe,0x09,0xe6,0x72,0x1a,0x20,0x6d,0x09,0xfe,0x55,0xa1,
0xc6,0xf9,0x36,0xb0,0xda,0x52,0x07,0x66,0x66,0xfc,0x83,0xad,0xc3,0x48,0x2e,0xab,
0x67,0x30,0xd9,0xd7,0x2a,0xb4,0x6c,0x9f,0x06,0x2d,0x0f,0x4a,0xf1,0x66,0xfd,0xfe,
0x8c,0xb3,0x99,0x50,0x76,0xe5,0x8a,0x3d,0xea,0x82,0x4e,0xf9,0xab,0x50,0x35,0x83,
0xe9,0x00,0x00,0x00,0x00,0x00,0x00,0x00,0x00,0x00,0x00,0x00,0x00,0x00,0x00,0x00,
0x00,0xe0,0x41,0x29,0xde,0xac,0xdf,0x9f,0x71,0x36,0x13,0xca,0xae,0x5c,0xb1,0x47,
0x5d,0xd0,0x29,0x7f,0x15,0xaa,0x66,0x30,0x9d,0xd5,0x18,0xf6,0x00,0x9b,0x02,0x0f,
0x1e,0x5a,0x18,0x58,0x4e,0xed,0x0d,0x33,0x55,0x64,0x4d,0xc7,0xcf,0x33,0xae,0xe6,
0xe6,0x37,0xd6,0xfa,0x26,0x98,0xcb,0x69,0x80,0xb4,0x25,0xf8,0x57,0x85,0x1a,0xe7,
0xdb,0xc0,0x6a,0x4b,0x1d,0x98,0x99,0xf1,0x0f,0xb6,0x0e,0x23,0xb9,0xac,0x9e,0xc1,
0x64,0x01,0x00,0x00,0x00,0x00,0x00,0x00,0x00,0x00,0x00,0x00,0x00,0x00,0x00,0x00,
0x00,0xb0,0x04,0xff,0xaa,0x50,0xe3,0x7c,0x1b,0x58,0x6d,0xa9,0x03,0x33,0x33,0xfe,
0xc1,0xd6,0x61,0x24,0x97,0xd5,0x33,0x98,0xec,0x6b,0x15,0x5a,0xb6,0x4f,0x83,0x96,
0x07,0xa5,0x78,0xb3,0x7e,0x7f,0xc6,0xd9,0x4c,0x28,0xbb,0x72,0xc5,0x1e,0x75,0x41,
0xa7,0xfc,0x55,0xa8,0x9a,0xc1,0x74,0x56,0x63,0xd8,0x03,0x6c,0x0a,0x3c,0x78,0x68,
0x61,0x60,0x39,0xb5,0x37,0xcc,0x54,0x91,0x35,0x1d,0x3f,0xcf,0xb8,0x9a,0x9b,0xdf,
0x58,0x01,0x00,0x00,0x00,0x00,0x00,0x00,0x00,0x00,0x00,0x00,0x00,0x00,0x00,0x00,
0x00,0x78,0x80,0x4d,0x81,0x07,0x0f,0x2d,0x0c,0x2c,0xa7,0xf6,0x86,0x99,0x2a,0xb2,
0xa6,0xe3,0xe7,0x19,0x57,0x73,0xf3,0x1b,0x6b,0x7d,0x13,0xcc,0xe5,0x34,0x40,0xda,
0x12,0xfc,0xab,0x42,0x8d,0xf3,0x6d,0x60,0xb5,0xa5,0x0e,0xcc,0xcc,0xf8,0x07,0x5b,
0x87,0x91,0x5c,0x56,0xcf,0x60,0xb2,0xaf,0x55,0x68,0xd9,0x3e,0x0d,0x5a,0x1e,0x94,
0xe2,0xcd,0xfa,0xfd,0x19,0x67,0x33,0xa1,0xec,0xca,0x15,0x7b,0xd4,0x05,0x9d,0xf2,
0x57,0x01,0x00,0x00,0x00,0x00,0x00,0x00,0x00,0x00,0x00,0x00,0x00,0x00,0x00,0x00,
0x00,0x28,0xdb,0xa7,0x41,0xcb,0x83,0x52,0xbc,0x59,0xbf,0x3f,0xe3,0x6c,0x26,0x94,
0x5d,0xb9,0x62,0x8f,0xba,0xa0,0x53,0xfe,0x2a,0x54,0xcd,0x60,0x3a,0xab,0x31,0xec,
0x01,0x36,0x05,0x1e,0x3c,0xb4,0x30,0xb0,0x9c,0xda,0x1b,0x66,0xaa,0xc8,0x9a,0x8e,
0x9f,0x67,0x5c,0xcd,0xcd,0x6f,0xac,0xf5,0x4d,0x30,0x97,0xd3,0x00,0x69,0x4b,0xf0,
0xaf,0x0a,0x35,0xce,0xb7,0x81,0xd5,0x96,0x3a,0x30,0x33,0xe3,0x1f,0x6c,0x1d,0x46,
0x72,0x01,0x00,0x00,0x00,0x00,0x00,0x00,0x00,0x00,0x00,0x00,0x00,0x00,0x00,0x00,
0x00,0xe0,0x72,0x1a,0x20,0x6d,0x09,0xfe,0x55,0xa1,0xc6,0xf9,0x36,0xb0,0xda,0x52,
0x07,0x66,0x66,0xfc,0x83,0xad,0xc3,0x48,0x2e,0xab,0x67,0x30,0xd9,0xd7,0x2a,0xb4,
0x6c,0x9f,0x06,0x2d,0x0f,0x4a,0xf1,0x66,0xfd,0xfe,0x8c,0xb3,0x99,0x50,0x76,0xe5,
0x8a,0x3d,0xea,0x82,0x4e,0xf9,0xab,0x50,0x35,0x83,0xe9,0xac,0xc6,0xb0,0x07,0xd8,
0x14,0x78,0xf0,0xd0,0xc2,0xc0,0x72,0x6a,0x6f,0x98,0xa9,0x22,0x6b,0x3a,0x7e,0x9e,
0x71,0x01,0x00,0x00,0x00,0x00,0x00,0x00,0x00,0x00,0x00,0x00,0x00,0x00,0x00,0x00,
0x00,0xe0,0x01,0xff,0x80,0xc7,0x03,0xfe,0x01,0x8f,0x07,0xfc,0x03,0x1e,0x0f,0xf8,
0x07,0x3c,0x1e,0xf0,0x0f,0x78,0x3c,0xe0,0x1f,0xf0,0x78,0xc0,0x3f,0xe0,0xf1,0x80,
0x7f,0xc0,0xe3,0x01,0xff,0x80,0xc7,0x03,0xfe,0x01,0x8f,0x07,0xfc,0x03,0x1e,0x0f,
0xf8,0x07,0x3c,0x1e,0xf0,0x0f,0x78,0x3c,0xe0,0x1f,0xf0,0x78,0xc0,0x3f,0xe0,0xf1,
0x80,0x7f,0xc0,0xe3,0x01,0xff,0x80,0xc7,0x03,0xfe,0x01,0x8f,0x07,0xfc,0x03,0x1e,
0x0f,0x00,0x00,0x00,0x00,0x00,0x00,0x00,0x00,0x00,0x00,0x00,0x00,0x00,0x00,0x00,
0x00,0xb0,0x84,0x4d,0x41,0x6b,0x09,0x9b,0x82,0xd6,0x12,0x36,0x05,0xad,0x25,0x6c,
0x0a,0x5a,0x4b,0xd8,0x14,0xb4,0x96,0xb0,0x29,0x68,0x2d,0x61,0x53,0xd0,0x5a,0xc2,
0xa6,0xa0,0xb5,0x84,0x4d,0x41,0x6b,0x09,0x9b,0x82,0xd6,0x12,0x36,0x05,0xad,0x25,
0x6c,0x0a,0x5a,0x4b,0xd8,0x14,0xb4,0x96,0xb0,0x29,0x68,0x2d,0x61,0x53,0xd0,0x5a,
0xc2,0xa6,0xa0,0xb5,0x84,0x4d,0x41,0x6b,0x09,0x9b,0x82,0xd6,0x12,0x36,0x05,0xad,
0x25,0x00,0x00,0x00,0x00,0x00,0x00,0x00,0x00,0x00,0x00,0x00,0x00,0x00,0x00,0x00,
0x00,0x78,0xc0,0xa7,0x21,0xfd,0x80,0x4f,0x43,0xfa,0x01,0x9f,0x86,0xf4,0x03,0x3e,
0x0d,0xe9,0x07,0x7c,0x1a,0xd2,0x0f,0xf8,0x34,0xa4,0x1f,0xf0,0x69,0x48,0x3f,0xe0,
0xd3,0x90,0x7e,0xc0,0xa7,0x21,0xfd,0x80,0x4f,0x43,0xfa,0x01,0x9f,0x86,0xf4,0x03,
0x3e,0x0d,0xe9,0x07,0x7c,0x1a,0xd2,0x0f,0xf8,0x34,0xa4,0x1f,0xf0,0x69,0x48,0x3f,
0xe0,0xd3,0x90,0x7e,0xc0,0xa7,0x21,0xfd,0x80,0x4f,0x43,0xfa,0x01,0x9f,0x86,0xf4,
0x03,0x00,0x00,0x00,0x00,0x00,0x00,0x00,0x00,0x00,0x00,0x00,0x00,0x00,0x00,0x00,
0x00,0x28,0x5b,0x1a,0x18,0x56,0xb6,0x34,0x30,0xac,0x6c,0x69,0x60,0x58,0xd9,0xd2,
0xc0,0xb0,0xb2,0xa5,0x81,0x61,0x65,0x4b,0x03,0xc3,0xca,0x96,0x06,0x86,0x95,0x2d,
0x0d,0x0c,0x2b,0x5b,0x1a,0x18,0x56,0xb6,0x34,0x30,0xac,0x6c,0x69,0x60,0x58,0xd9,
0xd2,0xc0,0xb0,0xb2,0xa5,0x81,0x61,0x65,0x4b,0x03,0xc3,0xca,0x96,0x06,0x86,0x95,
0x2d,0x0d,0x0c,0x2b,0x5b,0x1a,0x18,0x56,0xb6,0x34,0x30,0xac,0x6c,0x69,0x60,0x58,
0xd9,0x00,0x00,0x00,0x00,0x00,0x00,0x00,0x00,0x00,0x00,0x00,0x00,0x00,0x00,0x00,
0x00,0xe0,0xb2,0xd5,0x14,0xca,0x65,0xab,0x29,0x94,0xcb,0x56,0x53,0x28,0x97,0xad,
0xa6,0x50,0x2e,0x5b,0x4d,0xa1,0x5c,0xb6,0x9a,0x42,0xb9,0x6c,0x35,0x85,0x72,0xd9,
0x6a,0x0a,0xe5,0xb2,0xd5,0x14,0xca,0x65,0xab,0x29,0x94,0xcb,0x56,0x53,0x28,0x97,
0xad,0xa6,0x50,0x2e,0x5b,0x4d,0xa1,0x5c,0xb6,0x9a,0x42,0xb9,0x6c,0x35,0x85,0x72,
0xd9,0x6a,0x0a,0xe5,0xb2,0xd5,0x14,0xca,0x65,0xab,0x29,0x94,0xcb,0x56,0x53,0x28,
0x97,0x01,0x00,0x00,0x00,0x00,0x00,0x00,0x00,0x00,0x00,0x00,0x00,0x00,0x00,0x00,
0x00,0x30,0xdd,0x6b,0x13,0x6c,0xba,0xd7,0x26,0xd8,0x74,0xaf,0x4d,0xb0,0xe9,0x5e,
0x9b,0x60,0xd3,0xbd,0x36,0xc1,0xa6,0x7b,0x6d,0x82,0x4d,0xf7,0xda,0x04,0x9b,0xee,
0xb5,0x09,0x36,0xdd,0x6b,0x13,0x6c,0xba,0xd7,0x26,0xd8,0x74,0xaf,0x4d,0xb0,0xe9,
0x5e,0x9b,0x60,0xd3,0xbd,0x36,0xc1,0xa6,0x7b,0x6d,0x82,0x4d,0xf7,0xda,0x04,0x9b,
0xee,0xb5,0x09,0x36,0xdd,0x6b,0x13,0x6c,0xba,0xd7,0x26,0xd8,0x74,0xaf,0x4d,0xb0,
0xe9,0x00,0x00,0x00,0x00,0x00,0x00,0x00,0x00,0x00,0x00,0x00,0x00,0x00,0x00,0x00,
0x00,0xb0,0xc4,0xa7,0x19,0xc6,0xe5,0xd7,0x9a,0x61,0xac,0xac,0x9e,0xb2,0x71,0xd9,
0x5a,0xec,0xac,0x81,0x39,0x13,0xf6,0x36,0xb0,0x7e,0xb5,0x50,0x05,0x1e,0xd8,0x14,
0xd2,0x65,0xb3,0x5a,0x82,0x27,0x0b,0xd5,0xf9,0x25,0xb7,0xa0,0xcf,0xfb,0x47,0xe5,
0x54,0x91,0x3a,0xce,0xe6,0x34,0xdf,0x6f,0x86,0x07,0xff,0x40,0xfb,0x80,0x34,0x28,
0xd4,0x74,0xf5,0x9d,0xc1,0x57,0x35,0x37,0x8c,0x51,0xeb,0x98,0x19,0xca,0x86,0x99,
0xda,0x00,0x00,0x00,0x00,0x00,0x00,0x00,0x00,0x00,0x00,0x00,0x00,0x00,0x00,0x00,
0x00,0x78,0x40,0x1a,0x14,0x6a,0xba,0xfa,0xce,0xe0,0xab,0x9a,0x1b,0xc6,0xa8,0x75,
0xcc,0x0c,0x65,0xc3,0x4c,0x6d,0x3f,0x1b,0x58,0x8d,0x4b,0x01,0x3c,0x4b,0x7c,0x9a,
0x61,0x5c,0x7e,0xad,0x19,0xc6,0xca,0xea,0x29,0x1b,0x97,0xad,0xc5,0xce,0x1a,0x98,
0x33,0x61,0x6f,0x03,0xeb,0x57,0x0b,0x55,0xe0,0x81,0x4d,0x21,0x5d,0x36,0xab,0x25,
0x78,0xb2,0x50,0x9d,0x5f,0x72,0x0b,0xfa,0xbc,0x7f,0x54,0x4e,0x15,0xa9,0xe3,0x6c,
0x4e,0x01,0x00,0x00,0x00,0x00,0x00,0x00,0x00,0x00,0x00,0x00,0x00,0x00,0x00,0x00,
0x00,0x28,0x9b,0xd5,0x12,0x3c,0x59,0xa8,0xce,0x2f,0xb9,0x05,0x7d,0xde,0x3f,0x2a,
0xa7,0x8a,0xd4,0x71,0x36,0xa7,0xf9,0x7e,0x33,0x3c,0xf8,0x07,0xda,0x07,0xa4,0x41,
0xa1,0xa6,0xab,0xef,0x0c,0xbe,0xaa,0xb9,0x61,0x8c,0x5a,0xc7,0xcc,0x50,0x36,0xcc,
0xd4,0xf6,0xb3,0x81,0xd5,0xb8,0x14,0xc0,0xb3,0xc4,0xa7,0x19,0xc6,0xe5,0xd7,0x9a,
0x61,0xac,0xac,0x9e,0xb2,0x71,0xd9,0x5a,0xec,0xac,0x81,0x39,0x13,0xf6,0x36,0xb0,
0x7e,0x01,0x00,0x00,0x00,0x00,0x00,0x00,0x00,0x00,0x00,0x00,0x00,0x00,0x00,0x00,
0x00,0xe0,0xf2,0x6b,0xcd,0x30,0x56,0x56,0x4f,0xd9,0xb8,0x6c,0x2d,0x76,0xd6,0xc0,
0x9c,0x09,0x7b,0x1b,0x58,0xbf,0x5a,0xa8,0x02,0x0f,0x6c,0x0a,0xe9,0xb2,0x59,0x2d,
0xc1,0x93,0x85,0xea,0xfc,0x92,0x5b,0xd0,0xe7,0xfd,0xa3,0x72,0xaa,0x48,0x1d,0x67,
0x73,0x9a,0xef,0x37,0xc3,0x83,0x7f,0xa0,0x7d,0x40,0x1a,0x14,0x6a,0xba,0xfa,0xce,
0xe0,0xab,0x9a,0x1b,0xc6,0xa8,0x75,0xcc,0x0c,0x65,0xc3,0x4c,0x6d,0x3f,0x1b,0x58,
0x8d,0x01,0x00,0x00,0x00,0x00,0x00,0x00,0x00,0x00,0x00,0x00,0x00,0x00,0x00,0x00,
0x00,0x30,0x5d,0x7d,0x67,0xf0,0x55,0xcd,0x0d,0x63,0xd4,0x3a,0x66,0x86,0xb2,0x61,
0xa6,0xb6,0x9f,0x0d,0xac,0xc6,0xa5,0x00,0x9e,0x25,0x3e,0xcd,0x30,0x2e,0xbf,0xd6,
0x0c,0x63,0x65,0xf5,0x94,0x8d,0xcb,0xd6,0x62,0x67,0x0d,0xcc,0x99,0xb0,0xb7,0x81,
0xf5,0xab,0x85,0x2a,0xf0,0xc0,0xa6,0x90,0x2e,0x9b,0xd5,0x12,0x3c,0x59,0xa8,0xce,
0x2f,0xb9,0x05,0x7d,0xde,0x3f,0x2a,0xa7,0x8a,0xd4,0x71,0x36,0xa7,0xf9,0x7e,0x33,
0x3c,0x00,0x00,0x00,0x00,0x00,0x00,0x00,0x00,0x00,0x00,0x00,0x00,0x00,0x00,0x00,
0x00,0x98,0x2c,0x54,0xe7,0x97,0xdc,0x82,0x3e,0xef,0x1f,0x95,0x53,0x45,0xea,0x38,
0x9b,0xd3,0x7c,0xbf,0x19,0x1e,0xfc,0x03,0xed,0x03,0xd2,0xa0,0x50,0xd3,0xd5,0x77,
0x06,0x5f,0xd5,0xdc,0x30,0x46,0xad,0x63,0x66,0x28,0x1b,0x66,0x6a,0xfb,0xd9,0xc0,
0x6a,0x5c,0x0a,0xe0,0x59,0xe2,0xd3,0x0c,0xe3,0xf2,0x6b,0xcd,0x30,0x56,0x56,0x4f,
0xd9,0xb8,0x6c,0x2d,0x76,0xd6,0xc0,0x9c,0x09,0x7b,0x1b,0x58,0xbf,0x5a,0xa8,0x02,
0x0f,0x00,0x00,0x00,0x00,0x00,0x00,0x00,0x00,0x00,0x00,0x00,0x00,0x00,0x00,0x00,
0x00,0x78,0x80,0xd5,0xcc,0xf0,0xd5,0x82,0x16,0x5b,0xd9,0x9c,0xd5,0x6f,0x29,0x40,
0x5b,0xb6,0xd7,0xce,0x20,0xb9,0x6c,0x65,0x46,0xea,0x0c,0x5c,0x63,0xfe,0x41,0x9a,
0xcb,0xf5,0x9d,0x9f,0x71,0x75,0xac,0x0a,0x7b,0x0f,0x0c,0x1e,0x36,0x65,0x98,0xe9,
0xa0,0x3a,0xe5,0x51,0x57,0x2e,0x13,0x3f,0x7b,0x33,0x0f,0x3e,0xad,0xd0,0xc9,0xb2,
0x7a,0x18,0xff,0x00,0xb3,0xda,0xf2,0x5d,0x05,0x4b,0xa4,0x21,0xc1,0x63,0xd5,0xdc,
0xf3,0x00,0x00,0x00,0x00,0x00,0x00,0x00,0x00,0x00,0x00,0x00,0x00,0x00,0x00,0x00,
0x00,0x28,0xdb,0x6b,0x67,0x90,0x5c,0xb6,0x32,0x23,0x75,0x06,0xae,0x31,0xff,0x20,
0xcd,0xe5,0xfa,0xce,0xcf,0xb8,0x3a,0x56,0x85,0xbd,0x07,0x06,0x0f,0x9b,0x32,0xcc,
0x74,0x50,0x9d,0xf2,0xa8,0x2b,0x97,0x89,0x9f,0xbd,0x99,0x07,0x9f,0x56,0xe8,0x64,
0x59,0x3d,0x8c,0x7f,0x80,0x59,0x6d,0xf9,0xae,0x82,0x25,0xd2,0x90,0xe0,0xb1,0x6a,
0xee,0x79,0x59,0x83,0x59,0x4e,0xb5,0x00,0xbc,0x07,0x58,0xcd,0x0c,0x5f,0x2d,0x68,
0xb1,0x01,0x00,0x00,0x00,0x00,0x00,0x00,0x00,0x00,0x00,0x00,0x00,0x00,0x00,0x00,
0x00,0xe0,0x72,0x7d,0xe7,0x67,0x5c,0x1d,0xab,0xc2,0xde,0x03,0x83,0x87,0x4d,0x19,
0x66,0x3a,0xa8,0x4e,0x79,0xd4,0x95,0xcb,0xc4,0xcf,0xde,0xcc,0x83,0x4f,0x2b,0x74,
0xb2,0xac,0x1e,0xc6,0x3f,0xc0,0xac,0xb6,0x7c,0x57,0xc1,0x12,0x69,0x48,0xf0,0x58,
0x35,0xf7,0xbc,0xac,0xc1,0x2c,0xa7,0x5a,0x00,0xde,0x03,0xac,0x66,0x86,0xaf,0x16,
0xb4,0xd8,0xca,0xe6,0xac,0x7e,0x4b,0x01,0xda,0xb2,0xbd,0x76,0x06,0xc9,0x65,0x2b,
0x33,0x00,0x00,0x00,0x00,0x00,0x00,0x00,0x00,0x00,0x00,0x00,0x00,0x00,0x00,0x00,
0x00,0x30,0x1d,0x54,0xa7,0x3c,0xea,0xca,0x65,0xe2,0x67,0x6f,0xe6,0xc1,0xa7,0x15,
0x3a,0x59,0x56,0x0f,0xe3,0x1f,0x60,0x56,0x5b,0xbe,0xab,0x60,0x89,0x34,0x24,0x78,
0xac,0x9a,0x7b,0x5e,0xd6,0x60,0x96,0x53,0x2d,0x00,0xef,0x01,0x56,0x33,0xc3,0x57,
0x0b,0x5a,0x6c,0x65,0x73,0x56,0xbf,0xa5,0x00,0x6d,0xd9,0x5e,0x3b,0x83,0xe4,0xb2,
0x95,0x19,0xa9,0x33,0x70,0x8d,0xf9,0x07,0x69,0x2e,0xd7,0x77,0x7e,0xc6,0xd5,0xb1,
0x2a,0x00,0x00,0x00,0x00,0x00,0x00,0x00,0x00,0x00,0x00,0x00,0x00,0x00,0x00,0x00,
0x00,0x98,0x2c,0xab,0x87,0xf1,0x0f,0x30,0xab,0x2d,0xdf,0x55,0xb0,0x44,0x1a,0x12,
0x3c,0x56,0xcd,0x3d,0x2f,0x6b,0x30,0xcb,0xa9,0x16,0x80,0xf7,0x00,0xab,0x99,0xe1,
0xab,0x05,0x2d,0xb6,0xb2,0x39,0xab,0xdf,0x52,0x80,0xb6,0x6c,0xaf,0x9d,0x41,0x72,
0xd9,0xca,0x8c,0xd4,0x19,0xb8,0xc6,0xfc,0x83,0x34,0x97,0xeb,0x3b,0x3f,0xe3,0xea,
0x58,0x15,0xf6,0x1e,0x18,0x3c,0x6c,0xca,0x30,0xd3,0x41,0x75,0xca,0xa3,0xae,0x5c,
0x26,0x00,0x00,0x00,0x00,0x00,0x00,0x00,0x00,0x00,0x00,0x00,0x00,0x00,0x00,0x00,
0x00,0x18,0xab,0xe6,0x9e,0x97,0x35,0x98,0xe5,0x54,0x0b,0xc0,0x7b,0x80,0xd5,0xcc,
0xf0,0xd5,0x82,0x16,0x5b,0xd9,0x9c,0xd5,0x6f,0x29,0x40,0x5b,0xb6,0xd7,0xce,0x20,
0xb9,0x6c,0x65,0x46,0xea,0x0c,0x5c,0x63,0xfe,0x41,0x9a,0xcb,0xf5,0x9d,0x9f,0x71,
0x75,0xac,0x0a,0x7b,0x0f,0x0c,0x1e,0x36,0x65,0x98,0xe9,0xa0,0x3a,0xe5,0x51,0x57,
0x2e,0x13,0x3f,0x7b,0x33,0x0f,0x3e,0xad,0xd0,0xc9,0xb2,0x7a,0x18,0xff,0x00,0xb3,
0xda,0x00,0x00,0x00,0x00,0x00,0x00,0x00,0x00,0x00,0x00,0x00,0x00,0x00,0x00,0x00,
0x00,0x28,0x5b,0x7d,0xa7,0xfc,0x0f,0x98,0xe9,0x97,0x7f,0x0c,0x9b,0xac,0xe6,0x8a,
0x9d,0xba,0x81,0xf1,0x20,0x0d,0x66,0x48,0xae,0x8e,0x33,0x91,0x6f,0xe0,0x95,0xad,
0xbe,0x53,0xfe,0x07,0xcc,0xf4,0xcb,0x3f,0x86,0x4d,0x56,0x73,0xc5,0x4e,0xdd,0xc0,
0x78,0x90,0x06,0x33,0x24,0x57,0xc7,0x99,0xc8,0x37,0xf0,0xca,0x56,0xdf,0x29,0xff,
0x03,0x66,0xfa,0xe5,0x1f,0xc3,0x26,0xab,0xb9,0x62,0xa7,0x6e,0x60,0x3c,0x48,0x83,
0x19,0x00,0x00,0x00,0x00,0x00,0x00,0x00,0x00,0x00,0x00,0x00,0x00,0x00,0x00,0x00,
0x00,0xe0,0x32,0x54,0x87,0x91,0x35,0xce,0xd6,0xd8,0xa6,0x0a,0x1d,0x6b,0x41,0x99,
0x61,0xef,0x37,0x5b,0xc2,0x6a,0x33,0x30,0x6e,0xe5,0xd4,0xa6,0x05,0xd0,0x72,0x19,
0xaa,0xc3,0xc8,0x1a,0x67,0x6b,0x6c,0x53,0x85,0x8e,0xb5,0xa0,0xcc,0xb0,0xf7,0x9b,
0x2d,0x61,0xb5,0x19,0x18,0xb7,0x72,0x6a,0xd3,0x02,0x68,0xb9,0x0c,0xd5,0x61,0x64,
0x8d,0xb3,0x35,0xb6,0xa9,0x42,0xc7,0x5a,0x50,0x66,0xd8,0xfb,0xcd,0x96,0xb0,0xda,
0x0c,0x00,0x00,0x00,0x00,0x00,0x00,0x00,0x00,0x00,0x00,0x00,0x00,0x00,0x00,0x00,
0x00,0x30,0x1d,0xab,0x9f,0xa7,0x6c,0x03,0xc3,0xe3,0xd3,0x09,0xfe,0x2a,0x5b,0x55,
0xf1,0xb3,0x2a,0x3c,0xe0,0xb5,0xf3,0x1b,0x35,0x98,0x73,0x5a,0x0a,0x48,0x9b,0x8e,
0xd5,0xcf,0x53,0xb6,0x81,0xe1,0xf1,0xe9,0x04,0x7f,0x95,0xad,0xaa,0xf8,0x59,0x15,
0x1e,0xf0,0xda,0xf9,0x8d,0x1a,0xcc,0x39,0x2d,0x05,0xa4,0x4d,0xc7,0xea,0xe7,0x29,
0xdb,0xc0,0xf0,0xf8,0x74,0x82,0xbf,0xca,0x56,0x55,0xfc,0xac,0x0a,0x0f,0x78,0xed,
0xfc,0x00,0x00,0x00,0x00,0x00,0x00,0x00,0x00,0x00,0x00,0x00,0x00,0x00,0x00,0x00,
0x00,0x98,0xac,0xe6,0x8a,0x9d,0xba,0x81,0xf1,0x20,0x0d,0x66,0x48,0xae,0x8e,0x33,
0x91,0x6f,0xe0,0x95,0xad,0xbe,0x53,0xfe,0x07,0xcc,0xf4,0xcb,0x3f,0x86,0x4d,0x56,
0x73,0xc5,0x4e,0xdd,0xc0,0x78,0x90,0x06,0x33,0x24,0x57,0xc7,0x99,0xc8,0x37,0xf0,
0xca,0x56,0xdf,0x29,0xff,0x03,0x66,0xfa,0xe5,0x1f,0xc3,0x26,0xab,0xb9,0x62,0xa7,
0x6e,0x60,0x3c,0x48,0x83,0x19,0x92,0xab,0xe3,0x4c,0xe4,0x1b,0x78,0x65,0xab,0xef,
0x94,0x01,0x00,0x00,0x00,0x00,0x00,0x00,0x00,0x00,0x00,0x00,0x00,0x00,0x00,0x00,
0x00,0x18,0x6b,0x41,0x99,0x61,0xef,0x37,0x5b,0xc2,0x6a,0x33,0x30,0x6e,0xe5,0xd4,
0xa6,0x05,0xd0,0x72,0x19,0xaa,0xc3,0xc8,0x1a,0x67,0x6b,0x6c,0x53,0x85,0x8e,0xb5,
0xa0,0xcc,0xb0,0xf7,0x9b,0x2d,0x61,0xb5,0x19,0x18,0xb7,0x72,0x6a,0xd3,0x02,0x68,
0xb9,0x0c,0xd5,0x61,0x64,0x8d,0xb3,0x35,0xb6,0xa9,0x42,0xc7,0x5a,0x50,0x66,0xd8,
0xfb,0xcd,0x96,0xb0,0xda,0x0c,0x8c,0x5b,0x39,0xb5,0x69,0x01,0xb4,0x5c,0x86,0xea,
0x30,0x00,0x00,0x00,0x00,0x00,0x00,0x00,0x00,0x00,0x00,0x00,0x00,0x00,0x00,0x00,
0x00,0xf8,0x2a,0x5b,0x55,0xf1,0xb3,0x2a,0x3c,0xe0,0xb5,0xf3,0x1b,0x35,0x98,0x73,
0x5a,0x0a,0x48,0x9b,0x8e,0xd5,0xcf,0x53,0xb6,0x81,0xe1,0xf1,0xe9,0x04,0x7f,0x95,
0xad,0xaa,0xf8,0x59,0x15,0x1e,0xf0,0xda,0xf9,0x8d,0x1a,0xcc,0x39,0x2d,0x05,0xa4,
0x4d,0xc7,0xea,0xe7,0x29,0xdb,0xc0,0xf0,0xf8,0x74,0x82,0xbf,0xca,0x56,0x55,0xfc,
0xac,0x0a,0x0f,0x78,0xed,0xfc,0x46,0x0d,0xe6,0x9c,0x96,0x02,0xd2,0xa6,0x63,0xf5,
0xf3,0x00,0x00,0x00,0x00,0x00,0x00,0x00,0x00,0x00,0x00,0x00,0x00,0x00,0x00,0x00,
0x00,0xe0,0x32,0xab,0x8b,0x6d,0xef,0x2a,0x94,0x0d,0xaa,0xcf,0x4b,0xdd,0x9b,0x1f,
0x50,0xdf,0x61,0x28,0x7b,0x60,0x96,0x78,0xed,0x94,0xb3,0x66,0x60,0x1e,0x58,0x6d,
0x7e,0xff,0xe0,0x2c,0x3c,0xd2,0x30,0x83,0x51,0xc3,0xac,0xc6,0x9f,0x36,0x83,0x71,
0xc1,0xac,0x5f,0x9b,0x26,0x38,0xb9,0x95,0xcb,0x29,0xff,0x14,0xfa,0x55,0x1d,0xab,
0xad,0x14,0x0c,0x1b,0x2b,0x5b,0x33,0xa1,0x05,0x48,0x4f,0xb6,0xa0,0xaa,0xc8,0x37,
0x68,0x01,0x00,0x00,0x00,0x00,0x00,0x00,0x00,0x00,0x00,0x00,0x00,0x00,0x00,0x00,
0x00,0x30,0x9d,0xe6,0x98,0xf1,0x33,0xe0,0x71,0x99,0xd5,0xc5,0xb6,0x77,0x15,0xca,
0x06,0xd5,0xe7,0xa5,0xee,0xcd,0x0f,0xa8,0xef,0x30,0x94,0x3d,0x30,0x4b,0xbc,0x76,
0xca,0x59,0x33,0x30,0x0f,0xac,0x36,0xbf,0x7f,0x70,0x16,0x1e,0x69,0x98,0xc1,0xa8,
0x61,0x56,0xe3,0x4f,0x9b,0xc1,0xb8,0x60,0xd6,0xaf,0x4d,0x13,0x9c,0xdc,0xca,0xe5,
0x94,0x7f,0x0a,0xfd,0xaa,0x8e,0xd5,0x56,0x0a,0x86,0x8d,0x95,0xad,0x99,0xd0,0x02,
0xa4,0x01,0x00,0x00,0x00,0x00,0x00,0x00,0x00,0x00,0x00,0x00,0x00,0x00,0x00,0x00,
0x00,0x98,0x6c,0x41,0x55,0x91,0x6f,0xd0,0x9a,0x4e,0x73,0xcc,0xf8,0x19,0xf0,0xb8,
0xcc,0xea,0x62,0xdb,0xbb,0x0a,0x65,0x83,0xea,0xf3,0x52,0xf7,0xe6,0x07,0xd4,0x77,
0x18,0xca,0x1e,0x98,0x25,0x5e,0x3b,0xe5,0xac,0x19,0x98,0x07,0x56,0x9b,0xdf,0x3f,
0x38,0x0b,0x8f,0x34,0xcc,0x60,0xd4,0x30,0xab,0xf1,0xa7,0xcd,0x60,0x5c,0x30,0xeb,
0xd7,0xa6,0x09,0x4e,0x6e,0xe5,0x72,0xca,0x3f,0x85,0x7e,0x55,0xc7,0x6a,0x2b,0x05,
0xc3,0x00,0x00,0x00,0x00,0x00,0x00,0x00,0x00,0x00,0x00,0x00,0x00,0x00,0x00,0x00,
0x00,0x18,0x2b,0x5b,0x33,0xa1,0x05,0x48,0x4f,0xb6,0xa0,0xaa,0xc8,0x37,0x68,0x4d,
0xa7,0x39,0x66,0xfc,0x0c,0x78,0x5c,0x66,0x75,0xb1,0xed,0x5d,0x85,0xb2,0x41,0xf5,
0x79,0xa9,0x7b,0xf3,0x03,0xea,0x3b,0x0c,0x65,0x0f,0xcc,0x12,0xaf,0x9d,0x72,0xd6,
0x0c,0xcc,0x03,0xab,0xcd,0xef,0x1f,0x9c,0x85,0x47,0x1a,0x66,0x30,0x6a,0x98,0xd5,
0xf8,0xd3,0x66,0x30,0x2e,0x98,0xf5,0x6b,0xd3,0x04,0x27,0xb7,0x72,0x39,0xe5,0x9f,
0x42,0x01,0x00,0x00,0x00,0x00,0x00,0x00,0x00,0x00,0x00,0x00,0x00,0x00,0x00,0x00,
0x00,0xf8,0xaa,0x8e,0xd5,0x56,0x0a,0x86,0x8d,0x95,0xad,0x99,0xd0,0x02,0xa4,0x27,
0x5b,0x50,0x55,0xe4,0x1b,0xb4,0xa6,0xd3,0x1c,0x33,0x7e,0x06,0x3c,0x2e,0xb3,0xba,
0xd8,0xf6,0xae,0x42,0xd9,0xa0,0xfa,0xbc,0xd4,0xbd,0xf9,0x01,0xf5,0x1d,0x86,0xb2,
0x07,0x66,0x89,0xd7,0x4e,0x39,0x6b,0x06,0xe6,0x81,0xd5,0xe6,0xf7,0x0f,0xce,0xc2,
0x23,0x0d,0x33,0x18,0x35,0xcc,0x6a,0xfc,0x69,0x33,0x18,0x17,0xcc,0xfa,0xb5,0x69,
0x82,0x01,0x00,0x00,0x00,0x00,0x00,0x00,0x00,0x00,0x00,0x00,0x00,0x00,0x00,0x00,
0x00,0x48,0x6e,0xe5,0x72,0xca,0x3f,0x85,0x7e,0x55,0xc7,0x6a,0x2b,0x05,0xc3,0xc6,
0xca,0xd6,0x4c,0x68,0x01,0xd2,0x93,0x2d,0xa8,0x2a,0xf2,0x0d,0x5a,0xd3,0x69,0x8e,
0x19,0x3f,0x03,0x1e,0x97,0x59,0x5d,0x6c,0x7b,0x57,0xa1,0x6c,0x50,0x7d,0x5e,0xea,
0xde,0xfc,0x80,0xfa,0x0e,0x43,0xd9,0x03,0xb3,0xc4,0x6b,0xa7,0x9c,0x35,0x03,0xf3,
0xc0,0x6a,0xf3,0xfb,0x07,0x67,0xe1,0x91,0x86,0x19,0x8c,0x1a,0x66,0x35,0xfe,0xb4,
0x19,0x00,0x00,0x00,0x00,0x00,0x00,0x00,0x00,0x00,0x00,0x00,0x00,0x00,0x00,0x00,
0x00,0x30,0x5d,0x41,0x33,0x51,0x0a,0x85,0x26,0x17,0xcc,0x35,0x4e,0xc3,0xfc,0xb2,
0x36,0xb0,0x07,0x40,0xb5,0xd8,0x3f,0x03,0xed,0x64,0xd9,0xaa,0x36,0xfe,0x25,0xd8,
0xb8,0x30,0x83,0x87,0xd5,0xa6,0xac,0xec,0x37,0x97,0x8d,0xd5,0xcc,0xc8,0x37,0xa4,
0xc7,0xaa,0xe3,0x9c,0xda,0xd4,0x0c,0xa3,0xe6,0x2c,0x0f,0x5e,0x3b,0x8c,0xd4,0x55,
0x81,0xcb,0x9a,0x53,0x85,0x16,0x18,0xf6,0xd5,0xca,0xe9,0xf7,0xd3,0x33,0xf8,0x87,
0x81,0x01,0x00,0x00,0x00,0x00,0x00,0x00,0x00,0x00,0x00,0x00,0x00,0x00,0x00,0x00,
0x00,0x98,0x2c,0x5b,0xd5,0xc6,0xbf,0x04,0x1b,0x17,0x66,0xf0,0xb0,0xda,0x94,0x95,
0xfd,0xe6,0xb2,0xb1,0x9a,0x19,0xf9,0x86,0xf4,0x58,0x75,0x9c,0x53,0x9b,0x9a,0x61,
0xd4,0x9c,0xe5,0xc1,0x6b,0x87,0x91,0xba,0x2a,0x70,0x59,0x73,0xaa,0xd0,0x02,0xc3,
0xbe,0x5a,0x39,0xfd,0x7e,0x7a,0x06,0xff,0x30,0xb0,0x25,0xea,0xfb,0x3c,0x7b,0x03,
0xcf,0x74,0x05,0xcd,0x44,0x29,0x14,0x9a,0x5c,0x30,0xd7,0x38,0x0d,0xf3,0xcb,0xda,
0xc0,0x00,0x00,0x00,0x00,0x00,0x00,0x00,0x00,0x00,0x00,0x00,0x00,0x00,0x00,0x00,
0x00,0x18,0xab,0x8e,0x73,0x6a,0x53,0x33,0x8c,0x9a,0xb3,0x3c,0x78,0xed,0x30,0x52,
0x57,0x05,0x2e,0x6b,0x4e,0x15,0x5a,0x60,0xd8,0x57,0x2b,0xa7,0xdf,0x4f,0xcf,0xe0,
0x1f,0x06,0xb6,0x44,0x7d,0x9f,0x67,0x6f,0xe0,0x99,0xae,0xa0,0x99,0x28,0x85,0x42,
0x93,0x0b,0xe6,0x1a,0xa7,0x61,0x7e,0x59,0x1b,0xd8,0x03,0xa0,0x5a,0xec,0x9f,0x81,
0x76,0xb2,0x6c,0x55,0x1b,0xff,0x12,0x6c,0x5c,0x98,0xc1,0xc3,0x6a,0x53,0x56,0xf6,
0x9b,0x01,0x00,0x00,0x00,0x00,0x00,0x00,0x00,0x00,0x00,0x00,0x00,0x00,0x00,0x00,
0x00,0xf8,0x6a,0xe5,0xf4,0xfb,0xe9,0x19,0xfc,0xc3,0xc0,0x96,0xa8,0xef,0xf3,0xec,
0x0d,0x3c,0xd3,0x15,0x34,0x13,0xa5,0x50,0x68,0x72,0xc1,0x5c,0xe3,0x34,0xcc,0x2f,
0x6b,0x03,0x7b,0x00,0x54,0x8b,0xfd,0x33,0xd0,0x4e,0x96,0xad,0x6a,0xe3,0x5f,0x82,
0x8d,0x0b,0x33,0x78,0x58,0x6d,0xca,0xca,0x7e,0x73,0xd9,0x58,0xcd,0x8c,0x7c,0x43,
0x7a,0xac,0x3a,0xce,0xa9,0x4d,0xcd,0x30,0x6a,0xce,0xf2,0xe0,0xb5,0xc3,0x48,0x5d,
0x15,0x00,0x00,0x00,0x00,0x00,0x00,0x00,0x00,0x00,0x00,0x00,0x00,0x00,0x00,0x00,
0x00,0x48,0x2e,0x98,0x6b,0x9c,0x86,0xf9,0x65,0x6d,0x60,0x0f,0x80,0x6a,0xb1,0x7f,
0x06,0xda,0xc9,0xb2,0x55,0x6d,0xfc,0x4b,0xb0,0x71,0x61,0x06,0x0f,0xab,0x4d,0x59,
0xd9,0x6f,0x2e,0x1b,0xab,0x99,0x91,0x6f,0x48,0x8f,0x55,0xc7,0x39,0xb5,0xa9,0x19,
0x46,0xcd,0x59,0x1e,0xbc,0x76,0x18,0xa9,0xab,0x02,0x97,0x35,0xa7,0x0a,0x2d,0x30,
0xec,0xab,0x95,0xd3,0xef,0xa7,0x67,0xf0,0x0f,0x03,0x5b,0xa2,0xbe,0xcf,0xb3,0x37,
0xf0,0x00,0x00,0x00,0x00,0x00,0x00,0x00,0x00,0x00,0x00,0x00,0x00,0x00,0x00,0x00,
0x00,0x30,0x2e,0xcc,0xe0,0x61,0xb5,0x29,0x2b,0xfb,0xcd,0x65,0x63,0x35,0x33,0xf2,
0x0d,0xe9,0xb1,0xea,0x38,0xa7,0x36,0x35,0xc3,0xa8,0x39,0xcb,0x83,0xd7,0x0e,0x23,
0x75,0x55,0xe0,0xb2,0xe6,0x54,0xa1,0x05,0x86,0x7d,0xb5,0x72,0xfa,0xfd,0xf4,0x0c,
0xfe,0x61,0x60,0x4b,0xd4,0xf7,0x79,0xf6,0x06,0x9e,0xe9,0x0a,0x9a,0x89,0x52,0x28,
0x34,0xb9,0x60,0xae,0x71,0x1a,0xe6,0x97,0xb5,0x81,0x3d,0x00,0xaa,0xc5,0xfe,0x19,
0x68,0x01,0x00,0x00,0x00,0x00,0x00,0x00,0x00,0x00,0x00,0x00,0x00,0x00,0x00,0x00,
0x00,0x98,0xac,0x8e,0xf5,0x9b,0x86,0x29,0xa7,0x0e,0x78,0x93,0xd5,0xb1,0x7e,0xd3,
0x30,0xe5,0xd4,0x01,0x6f,0xb2,0x3a,0xd6,0x6f,0x1a,0xa6,0x9c,0x3a,0xe0,0x4d,0x56,
0xc7,0xfa,0x4d,0xc3,0x94,0x53,0x07,0xbc,0xc9,0xea,0x58,0xbf,0x69,0x98,0x72,0xea,
0x80,0x37,0x59,0x1d,0xeb,0x37,0x0d,0x53,0x4e,0x1d,0xf0,0x26,0xab,0x63,0xfd,0xa6,
0x61,0xca,0xa9,0x03,0xde,0x64,0x75,0xac,0xdf,0x34,0x4c,0x39,0x75,0xc0,0x9b,0xac,
0x8e,0x01,0x00,0x00,0x00,0x00,0x00,0x00,0x00,0x00,0x00,0x00,0x00,0x00,0x00,0x00,
0x00,0x18,0x6b,0xe5,0x6a,0x6c,0xb5,0x61,0xd8,0x1b,0xb4,0x63,0xad,0x5c,0x8d,0xad,
0x36,0x0c,0x7b,0x83,0x76,0xac,0x95,0xab,0xb1,0xd5,0x86,0x61,0x6f,0xd0,0x8e,0xb5,
0x72,0x35,0xb6,0xda,0x30,0xec,0x0d,0xda,0xb1,0x56,0xae,0xc6,0x56,0x1b,0x86,0xbd,
0x41,0x3b,0xd6,0xca,0xd5,0xd8,0x6a,0xc3,0xb0,0x37,0x68,0xc7,0x5a,0xb9,0x1a,0x5b,
0x6d,0x18,0xf6,0x06,0xed,0x58,0x2b,0x57,0x63,0xab,0x0d,0xc3,0xde,0xa0,0x1d,0x6b,
0xe5,0x00,0x00,0x00,0x00,0x00,0x00,0x00,0x00,0x00,0x00,0x00,0x00,0x00,0x00,0x00,
0x00,0xf8,0x2a,0x98,0xe1,0xf1,0xda,0xe7,0xfd,0x0c,0xd2,0x5f,0x05,0x33,0x3c,0x5e,
0xfb,0xbc,0x9f,0x41,0xfa,0xab,0x60,0x86,0xc7,0x6b,0x9f,0xf7,0x33,0x48,0x7f,0x15,
0xcc,0xf0,0x78,0xed,0xf3,0x7e,0x06,0xe9,0xaf,0x82,0x19,0x1e,0xaf,0x7d,0xde,0xcf,
0x20,0xfd,0x55,0x30,0xc3,0xe3,0xb5,0xcf,0xfb,0x19,0xa4,0xbf,0x0a,0x66,0x78,0xbc,
0xf6,0x79,0x3f,0x83,0xf4,0x57,0xc1,0x0c,0x8f,0xd7,0x3e,0xef,0x67,0x90,0xfe,0x2a,
0x98,0x01,0x00,0x00,0x00,0x00,0x00,0x00,0x00,0x00,0x00,0x00,0x00,0x00,0x00,0x00,
0x00,0x48,0x2e,0xcc,0x78,0x50,0xdf,0x62,0xe7,0x9b,0x61,0xc9,0x85,0x19,0x0f,0xea,
0x5b,0xec,0x7c,0x33,0x2c,0xb9,0x30,0xe3,0x41,0x7d,0x8b,0x9d,0x6f,0x86,0x25,0x17,
0x66,0x3c,0xa8,0x6f,0xb1,0xf3,0xcd,0xb0,0xe4,0xc2,0x8c,0x07,0xf5,0x2d,0x76,0xbe,
0x19,0x96,0x5c,0x98,0xf1,0xa0,0xbe,0xc5,0xce,0x37,0xc3,0x92,0x0b,0x33,0x1e,0xd4,
0xb7,0xd8,0xf9,0x66,0x58,0x72,0x61,0xc6,0x83,0xfa,0x16,0x3b,0xdf,0x0c,0x4b,0x2e,
0xcc,0x00,0x00,0x00,0x00,0x00,0x00,0x00,0x00,0x00,0x00,0x00,0x00,0x00,0x00,0x00,
0x00,0x30,0x2e,0x67,0x2d,0x01,0x55,0x66,0x68,0x41,0xa1,0xc6,0xe5,0xac,0x25,0xa0,
0xca,0x0c,0x2d,0x28,0xd4,0xb8,0x9c,0xb5,0x04,0x54,0x99,0xa1,0x05,0x85,0x1a,0x97,
0xb3,0x96,0x80,0x2a,0x33,0xb4,0xa0,0x50,0xe3,0x72,0xd6,0x12,0x50,0x65,0x86,0x16,
0x14,0x6a,0x5c,0xce,0x5a,0x02,0xaa,0xcc,0xd0,0x82,0x42,0x8d,0xcb,0x59,0x4b,0x40,
0x95,0x19,0x5a,0x50,0xa8,0x71,0x39,0x6b,0x09,0xa8,0x32,0x43,0x0b,0x0a,0x35,0x2e,
0x67,0x01,0x00,0x00,0x00,0x00,0x00,0x00,0x00,0x00,0x00,0x00,0x00,0x00,0x00,0x00,
0x00,0x18,0xb5,0x81,0x1f,0xc0,0x6a,0x55,0x94,0x22,0xc1,0xa3,0x36,0xf0,0x03,0x58,
0xad,0x8a,0x52,0x24,0x78,0xd4,0x06,0x7e,0x00,0xab,0x55,0x51,0x8a,0x04,0x8f,0xda,
0xc0,0x0f,0x60,0xb5,0x2a,0x4a,0x91,0xe0,0x51,0x1b,0xf8,0x01,0xac,0x56,0x45,0x29,
0x12,0x3c,0x6a,0x03,0x3f,0x80,0xd5,0xaa,0x28,0x45,0x82,0x47,0x6d,0xe0,0x07,0xb0,
0x5a,0x15,0xa5,0x48,0xf0,0xa8,0x0d,0xfc,0x00,0x56,0xab,0xa2,0x14,0x09,0x1e,0xb5,
0x81,0x01,0x00,0x00,0x00,0x00,0x00,0x00,0x00,0x00,0x00,0x00,0x00,0x00,0x00,0x00,